Season,Player,Pos,Player_ID,url
Inactive,A.J. Price,PG,priceaj01,file:///Users/alexcheng/Downloads/us.sitesucker.mac.sitesucker/www.basketball-reference.com/players/p/priceaj01.html
Active,Aaron Brooks,PG,brookaa01,file:///Users/alexcheng/Downloads/us.sitesucker.mac.sitesucker/www.basketball-reference.com/players/b/brookaa01.html
Active,Aaron Gordon,SF,gordoaa01,file:///Users/alexcheng/Downloads/us.sitesucker.mac.sitesucker/www.basketball-reference.com/players/g/gordoaa01.html
Active,Aaron Harrison,SG,harriaa01,file:///Users/alexcheng/Downloads/us.sitesucker.mac.sitesucker/www.basketball-reference.com/players/h/harriaa01.html
Active,Adreian Payne,PF,paynead01,file:///Users/alexcheng/Downloads/us.sitesucker.mac.sitesucker/www.basketball-reference.com/players/p/paynead01.html
Active,Al Horford,C,horfoal01,file:///Users/alexcheng/Downloads/us.sitesucker.mac.sitesucker/www.basketball-reference.com/players/h/horfoal01.html
Active,Al Jefferson,C,jeffeal01,file:///Users/alexcheng/Downloads/us.sitesucker.mac.sitesucker/www.basketball-reference.com/players/j/jeffeal01.html
Active,Al-Farouq Aminu,SF,aminual01,file:///Users/alexcheng/Downloads/us.sitesucker.mac.sitesucker/www.basketball-reference.com/players/a/aminual01.html
Active,Alan Anderson,SF,anderal01,file:///Users/alexcheng/Downloads/us.sitesucker.mac.sitesucker/www.basketball-reference.com/players/a/anderal01.html
Active,Alan Williams,PF,willial03,file:///Users/alexcheng/Downloads/us.sitesucker.mac.sitesucker/www.basketball-reference.com/players/w/willial03.html
Active,Alec Burks,SG,burksal01,file:///Users/alexcheng/Downloads/us.sitesucker.mac.sitesucker/www.basketball-reference.com/players/b/burksal01.html
Active,Alex Abrines,SG,abrinal01,file:///Users/alexcheng/Downloads/us.sitesucker.mac.sitesucker/www.basketball-reference.com/players/a/abrinal01.html
Inactive,Alex Kirk,C,kirkal01,file:///Users/alexcheng/Downloads/us.sitesucker.mac.sitesucker/www.basketball-reference.com/players/k/kirkal01.html
Active,Alex Len,C,lenal01,file:///Users/alexcheng/Downloads/us.sitesucker.mac.sitesucker/www.basketball-reference.com/players/l/lenal01.html
Inactive,Alex Stepheson,PF,stephal01,file:///Users/alexcheng/Downloads/us.sitesucker.mac.sitesucker/www.basketball-reference.com/players/s/stephal01.html
Inactive,Alexey Shved,SG,shvedal01,file:///Users/alexcheng/Downloads/us.sitesucker.mac.sitesucker/www.basketball-reference.com/players/s/shvedal01.html
Active,Alexis Ajinca,C,ajincal01,file:///Users/alexcheng/Downloads/us.sitesucker.mac.sitesucker/www.basketball-reference.com/players/a/ajincal01.html
Active,Allen Crabbe,SG,crabbal01,file:///Users/alexcheng/Downloads/us.sitesucker.mac.sitesucker/www.basketball-reference.com/players/c/crabbal01.html
Active,Alonzo Gee,SF,geeal01,file:///Users/alexcheng/Downloads/us.sitesucker.mac.sitesucker/www.basketball-reference.com/players/g/geeal01.html
Inactive,Amar'e Stoudemire,C,stoudam01,file:///Users/alexcheng/Downloads/us.sitesucker.mac.sitesucker/www.basketball-reference.com/players/s/stoudam01.html
Active,Amir Johnson,PF,johnsam01,file:///Users/alexcheng/Downloads/us.sitesucker.mac.sitesucker/www.basketball-reference.com/players/j/johnsam01.html
Active,Anderson Varejao,C,varejan01,file:///Users/alexcheng/Downloads/us.sitesucker.mac.sitesucker/www.basketball-reference.com/players/v/varejan01.html
Inactive,Andre Dawkins,SG,dawkian01,file:///Users/alexcheng/Downloads/us.sitesucker.mac.sitesucker/www.basketball-reference.com/players/d/dawkian01.html
Active,Andre Drummond,C,drumman01,file:///Users/alexcheng/Downloads/us.sitesucker.mac.sitesucker/www.basketball-reference.com/players/d/drumman01.html
Active,Andre Iguodala,SF,iguodan01,file:///Users/alexcheng/Downloads/us.sitesucker.mac.sitesucker/www.basketball-reference.com/players/i/iguodan01.html
Inactive,Andre Miller,PG,millean02,file:///Users/alexcheng/Downloads/us.sitesucker.mac.sitesucker/www.basketball-reference.com/players/m/millean02.html
Active,Andre Roberson,SF,roberan03,file:///Users/alexcheng/Downloads/us.sitesucker.mac.sitesucker/www.basketball-reference.com/players/r/roberan03.html
Inactive,Andrea Bargnani,C,bargnan01,file:///Users/alexcheng/Downloads/us.sitesucker.mac.sitesucker/www.basketball-reference.com/players/b/bargnan01.html
Inactive,Andrei Kirilenko,SF,kirilan01,file:///Users/alexcheng/Downloads/us.sitesucker.mac.sitesucker/www.basketball-reference.com/players/k/kirilan01.html
Active,Andrew Bogut,C,bogutan01,file:///Users/alexcheng/Downloads/us.sitesucker.mac.sitesucker/www.basketball-reference.com/players/b/bogutan01.html
Inactive,Andrew Goudelock,PG,goudean01,file:///Users/alexcheng/Downloads/us.sitesucker.mac.sitesucker/www.basketball-reference.com/players/g/goudean01.html
Active,Andrew Harrison,SG,harrian01,file:///Users/alexcheng/Downloads/us.sitesucker.mac.sitesucker/www.basketball-reference.com/players/h/harrian01.html
Active,Andrew Nicholson,PF,nichoan01,file:///Users/alexcheng/Downloads/us.sitesucker.mac.sitesucker/www.basketball-reference.com/players/n/nichoan01.html
Active,Andrew Wiggins,SF,wiggian01,file:///Users/alexcheng/Downloads/us.sitesucker.mac.sitesucker/www.basketball-reference.com/players/w/wiggian01.html
Active,Anthony Bennett,PF,bennean01,file:///Users/alexcheng/Downloads/us.sitesucker.mac.sitesucker/www.basketball-reference.com/players/b/bennean01.html
Active,Anthony Brown,SF,brownan02,file:///Users/alexcheng/Downloads/us.sitesucker.mac.sitesucker/www.basketball-reference.com/players/b/brownan02.html
Active,Anthony Davis,PF,davisan02,file:///Users/alexcheng/Downloads/us.sitesucker.mac.sitesucker/www.basketball-reference.com/players/d/davisan02.html
Active,Anthony Morrow,SG,morroan01,file:///Users/alexcheng/Downloads/us.sitesucker.mac.sitesucker/www.basketball-reference.com/players/m/morroan01.html
Active,Anthony Tolliver,PF,tollian01,file:///Users/alexcheng/Downloads/us.sitesucker.mac.sitesucker/www.basketball-reference.com/players/t/tollian01.html
Active,Archie Goodwin,SG,goodwar01,file:///Users/alexcheng/Downloads/us.sitesucker.mac.sitesucker/www.basketball-reference.com/players/g/goodwar01.html
Active,Arinze Onuaku,C,onuakar01,file:///Users/alexcheng/Downloads/us.sitesucker.mac.sitesucker/www.basketball-reference.com/players/o/onuakar01.html
Active,Aron Baynes,C,baynear01,file:///Users/alexcheng/Downloads/us.sitesucker.mac.sitesucker/www.basketball-reference.com/players/b/baynear01.html
Active,Arron Afflalo,SG,afflaar01,file:///Users/alexcheng/Downloads/us.sitesucker.mac.sitesucker/www.basketball-reference.com/players/a/afflaar01.html
Inactive,Austin Daye,SF,dayeau01,file:///Users/alexcheng/Downloads/us.sitesucker.mac.sitesucker/www.basketball-reference.com/players/d/dayeau01.html
Active,Austin Rivers,SG,riverau01,file:///Users/alexcheng/Downloads/us.sitesucker.mac.sitesucker/www.basketball-reference.com/players/r/riverau01.html
Active,Avery Bradley,SG,bradlav01,file:///Users/alexcheng/Downloads/us.sitesucker.mac.sitesucker/www.basketball-reference.com/players/b/bradlav01.html
Inactive,Axel Toupane,SF,toupaax01,file:///Users/alexcheng/Downloads/us.sitesucker.mac.sitesucker/www.basketball-reference.com/players/t/toupaax01.html
Inactive,Ben Gordon,SG,gordobe01,file:///Users/alexcheng/Downloads/us.sitesucker.mac.sitesucker/www.basketball-reference.com/players/g/gordobe01.html
Active,Ben McLemore,SG,mclembe01,file:///Users/alexcheng/Downloads/us.sitesucker.mac.sitesucker/www.basketball-reference.com/players/m/mclembe01.html
Active,Beno Udrih,PG,udrihbe01,file:///Users/alexcheng/Downloads/us.sitesucker.mac.sitesucker/www.basketball-reference.com/players/u/udrihbe01.html
Inactive,Bernard James,C,jamesbe01,file:///Users/alexcheng/Downloads/us.sitesucker.mac.sitesucker/www.basketball-reference.com/players/j/jamesbe01.html
Active,Bismack Biyombo,C,biyombi01,file:///Users/alexcheng/Downloads/us.sitesucker.mac.sitesucker/www.basketball-reference.com/players/b/biyombi01.html
Active,Blake Griffin,PF,griffbl01,file:///Users/alexcheng/Downloads/us.sitesucker.mac.sitesucker/www.basketball-reference.com/players/g/griffbl01.html
Active,Boban Marjanovic,C,marjabo01,file:///Users/alexcheng/Downloads/us.sitesucker.mac.sitesucker/www.basketball-reference.com/players/m/marjabo01.html
Active,Bobby Brown,PG,brownbo02,file:///Users/alexcheng/Downloads/us.sitesucker.mac.sitesucker/www.basketball-reference.com/players/b/brownbo02.html
Active,Bobby Portis,PF,portibo01,file:///Users/alexcheng/Downloads/us.sitesucker.mac.sitesucker/www.basketball-reference.com/players/p/portibo01.html
Active,Bojan Bogdanovic,SF,bogdabo02,file:///Users/alexcheng/Downloads/us.sitesucker.mac.sitesucker/www.basketball-reference.com/players/b/bogdabo02.html
Active,Boris Diaw,PF,diawbo01,file:///Users/alexcheng/Downloads/us.sitesucker.mac.sitesucker/www.basketball-reference.com/players/d/diawbo01.html
Active,Bradley Beal,SG,bealbr01,file:///Users/alexcheng/Downloads/us.sitesucker.mac.sitesucker/www.basketball-reference.com/players/b/bealbr01.html
Active,Brandan Wright,PF,wrighbr03,file:///Users/alexcheng/Downloads/us.sitesucker.mac.sitesucker/www.basketball-reference.com/players/w/wrighbr03.html
Inactive,Branden Dawson,PF,dawsobr01,file:///Users/alexcheng/Downloads/us.sitesucker.mac.sitesucker/www.basketball-reference.com/players/d/dawsobr01.html
Active,Brandon Bass,PF,bassbr01,file:///Users/alexcheng/Downloads/us.sitesucker.mac.sitesucker/www.basketball-reference.com/players/b/bassbr01.html
Inactive,Brandon Davies,PF,daviebr01,file:///Users/alexcheng/Downloads/us.sitesucker.mac.sitesucker/www.basketball-reference.com/players/d/daviebr01.html
Active,Brandon Ingram,SF,ingrabr01,file:///Users/alexcheng/Downloads/us.sitesucker.mac.sitesucker/www.basketball-reference.com/players/i/ingrabr01.html
Active,Brandon Jennings,PG,jennibr01,file:///Users/alexcheng/Downloads/us.sitesucker.mac.sitesucker/www.basketball-reference.com/players/j/jennibr01.html
Active,Brandon Knight,SG,knighbr03,file:///Users/alexcheng/Downloads/us.sitesucker.mac.sitesucker/www.basketball-reference.com/players/k/knighbr03.html
Active,Brandon Rush,SG,rushbr01,file:///Users/alexcheng/Downloads/us.sitesucker.mac.sitesucker/www.basketball-reference.com/players/r/rushbr01.html
Inactive,Brendan Haywood,C,haywobr01,file:///Users/alexcheng/Downloads/us.sitesucker.mac.sitesucker/www.basketball-reference.com/players/h/haywobr01.html
Active,Brian Roberts,PG,roberbr01,file:///Users/alexcheng/Downloads/us.sitesucker.mac.sitesucker/www.basketball-reference.com/players/r/roberbr01.html
Active,Briante Weber,PG,weberbr01,file:///Users/alexcheng/Downloads/us.sitesucker.mac.sitesucker/www.basketball-reference.com/players/w/weberbr01.html
Active,Brook Lopez,C,lopezbr01,file:///Users/alexcheng/Downloads/us.sitesucker.mac.sitesucker/www.basketball-reference.com/players/l/lopezbr01.html
Active,Bruno Caboclo,SF,cabocbr01,file:///Users/alexcheng/Downloads/us.sitesucker.mac.sitesucker/www.basketball-reference.com/players/c/cabocbr01.html
Inactive,Bryce Cotton,PG,cottobr01,file:///Users/alexcheng/Downloads/us.sitesucker.mac.sitesucker/www.basketball-reference.com/players/c/cottobr01.html
Inactive,Bryce Dejean-Jones,SG,dejeabr01,file:///Users/alexcheng/Downloads/us.sitesucker.mac.sitesucker/www.basketball-reference.com/players/d/dejeabr01.html
Active,Bryn Forbes,SG,forbebr01,file:///Users/alexcheng/Downloads/us.sitesucker.mac.sitesucker/www.basketball-reference.com/players/f/forbebr01.html
Active,Buddy Hield,SG,hieldbu01,file:///Users/alexcheng/Downloads/us.sitesucker.mac.sitesucker/www.basketball-reference.com/players/h/hieldbu01.html
Active,C.J. McCollum,SG,mccolcj01,file:///Users/alexcheng/Downloads/us.sitesucker.mac.sitesucker/www.basketball-reference.com/players/m/mccolcj01.html
Active,C.J. Miles,SF,milescj01,file:///Users/alexcheng/Downloads/us.sitesucker.mac.sitesucker/www.basketball-reference.com/players/m/milescj01.html
Active,C.J. Watson,PG,watsocj01,file:///Users/alexcheng/Downloads/us.sitesucker.mac.sitesucker/www.basketball-reference.com/players/w/watsocj01.html
Active,C.J. Wilcox,SG,wilcocj01,file:///Users/alexcheng/Downloads/us.sitesucker.mac.sitesucker/www.basketball-reference.com/players/w/wilcocj01.html
Inactive,Cameron Bairstow,PF,bairsca01,file:///Users/alexcheng/Downloads/us.sitesucker.mac.sitesucker/www.basketball-reference.com/players/b/bairsca01.html
Active,Cameron Payne,PG,payneca01,file:///Users/alexcheng/Downloads/us.sitesucker.mac.sitesucker/www.basketball-reference.com/players/p/payneca01.html
Active,Caris LeVert,SF,leverca01,file:///Users/alexcheng/Downloads/us.sitesucker.mac.sitesucker/www.basketball-reference.com/players/l/leverca01.html
Inactive,Carl Landry,PF,landrca01,file:///Users/alexcheng/Downloads/us.sitesucker.mac.sitesucker/www.basketball-reference.com/players/l/landrca01.html
Inactive,Carlos Boozer,PF,boozeca01,file:///Users/alexcheng/Downloads/us.sitesucker.mac.sitesucker/www.basketball-reference.com/players/b/boozeca01.html
Active,Carmelo Anthony,SF,anthoca01,file:///Users/alexcheng/Downloads/us.sitesucker.mac.sitesucker/www.basketball-reference.com/players/a/anthoca01.html
Inactive,Caron Butler,SF,butleca01,file:///Users/alexcheng/Downloads/us.sitesucker.mac.sitesucker/www.basketball-reference.com/players/b/butleca01.html
Inactive,Cartier Martin,SF,martica01,file:///Users/alexcheng/Downloads/us.sitesucker.mac.sitesucker/www.basketball-reference.com/players/m/martica01.html
Active,Chandler Parsons,SF,parsoch01,file:///Users/alexcheng/Downloads/us.sitesucker.mac.sitesucker/www.basketball-reference.com/players/p/parsoch01.html
Active,Channing Frye,C,fryech01,file:///Users/alexcheng/Downloads/us.sitesucker.mac.sitesucker/www.basketball-reference.com/players/f/fryech01.html
Inactive,Charlie Villanueva,PF,villach01,file:///Users/alexcheng/Downloads/us.sitesucker.mac.sitesucker/www.basketball-reference.com/players/v/villach01.html
Inactive,Chase Budinger,SF,budinch01,file:///Users/alexcheng/Downloads/us.sitesucker.mac.sitesucker/www.basketball-reference.com/players/b/budinch01.html
Active,Chasson Randle,PG,randlch01,file:///Users/alexcheng/Downloads/us.sitesucker.mac.sitesucker/www.basketball-reference.com/players/r/randlch01.html
Active,Cheick Diallo,PF,diallch01,file:///Users/alexcheng/Downloads/us.sitesucker.mac.sitesucker/www.basketball-reference.com/players/d/diallch01.html
Active,Chinanu Onuaku,C,onuakch01,file:///Users/alexcheng/Downloads/us.sitesucker.mac.sitesucker/www.basketball-reference.com/players/o/onuakch01.html
Active,Chris Andersen,C,anderch01,file:///Users/alexcheng/Downloads/us.sitesucker.mac.sitesucker/www.basketball-reference.com/players/a/anderch01.html
Inactive,Chris Bosh,C,boshch01,file:///Users/alexcheng/Downloads/us.sitesucker.mac.sitesucker/www.basketball-reference.com/players/b/boshch01.html
Inactive,Chris Copeland,PF,copelch01,file:///Users/alexcheng/Downloads/us.sitesucker.mac.sitesucker/www.basketball-reference.com/players/c/copelch01.html
Inactive,Chris Douglas-Roberts,SG,douglch01,file:///Users/alexcheng/Downloads/us.sitesucker.mac.sitesucker/www.basketball-reference.com/players/d/douglch01.html
Inactive,Chris Johnson,SF,johnsch04,file:///Users/alexcheng/Downloads/us.sitesucker.mac.sitesucker/www.basketball-reference.com/players/j/johnsch04.html
Inactive,Chris Kaman,C,kamanch01,file:///Users/alexcheng/Downloads/us.sitesucker.mac.sitesucker/www.basketball-reference.com/players/k/kamanch01.html
Active,Chris McCullough,PF,mcculch01,file:///Users/alexcheng/Downloads/us.sitesucker.mac.sitesucker/www.basketball-reference.com/players/m/mcculch01.html
Active,Chris Paul,PG,paulch01,file:///Users/alexcheng/Downloads/us.sitesucker.mac.sitesucker/www.basketball-reference.com/players/p/paulch01.html
Active,Christian Wood,PF,woodch01,file:///Users/alexcheng/Downloads/us.sitesucker.mac.sitesucker/www.basketball-reference.com/players/w/woodch01.html
Inactive,Chuck Hayes,C,hayesch01,file:///Users/alexcheng/Downloads/us.sitesucker.mac.sitesucker/www.basketball-reference.com/players/h/hayesch01.html
Inactive,Cleanthony Early,SF,earlycl01,file:///Users/alexcheng/Downloads/us.sitesucker.mac.sitesucker/www.basketball-reference.com/players/e/earlycl01.html
Inactive,Cliff Alexander,PF,alexacl01,file:///Users/alexcheng/Downloads/us.sitesucker.mac.sitesucker/www.basketball-reference.com/players/a/alexacl01.html
Active,Clint Capela,C,capelca01,file:///Users/alexcheng/Downloads/us.sitesucker.mac.sitesucker/www.basketball-reference.com/players/c/capelca01.html
Active,Cody Zeller,PF,zelleco01,file:///Users/alexcheng/Downloads/us.sitesucker.mac.sitesucker/www.basketball-reference.com/players/z/zelleco01.html
Active,Cole Aldrich,C,aldrico01,file:///Users/alexcheng/Downloads/us.sitesucker.mac.sitesucker/www.basketball-reference.com/players/a/aldrico01.html
Active,Corey Brewer,SF,breweco01,file:///Users/alexcheng/Downloads/us.sitesucker.mac.sitesucker/www.basketball-reference.com/players/b/breweco01.html
Inactive,Cory Jefferson,PF,jeffeco01,file:///Users/alexcheng/Downloads/us.sitesucker.mac.sitesucker/www.basketball-reference.com/players/j/jeffeco01.html
Active,Cory Joseph,PG,josepco01,file:///Users/alexcheng/Downloads/us.sitesucker.mac.sitesucker/www.basketball-reference.com/players/j/josepco01.html
Inactive,Coty Clarke,SF,clarkco01,file:///Users/alexcheng/Downloads/us.sitesucker.mac.sitesucker/www.basketball-reference.com/players/c/clarkco01.html
Active,Courtney Lee,SG,leeco01,file:///Users/alexcheng/Downloads/us.sitesucker.mac.sitesucker/www.basketball-reference.com/players/l/leeco01.html
Active,Cristiano Felicio,C,feliccr01,file:///Users/alexcheng/Downloads/us.sitesucker.mac.sitesucker/www.basketball-reference.com/players/f/feliccr01.html
Active,D.J. Augustin,PG,augusdj01,file:///Users/alexcheng/Downloads/us.sitesucker.mac.sitesucker/www.basketball-reference.com/players/a/augusdj01.html
Active,D'Angelo Russell,PG,russeda01,file:///Users/alexcheng/Downloads/us.sitesucker.mac.sitesucker/www.basketball-reference.com/players/r/russeda01.html
Inactive,Dahntay Jones,SF,jonesda02,file:///Users/alexcheng/Downloads/us.sitesucker.mac.sitesucker/www.basketball-reference.com/players/j/jonesda02.html
Active,Damian Jones,C,jonesda03,file:///Users/alexcheng/Downloads/us.sitesucker.mac.sitesucker/www.basketball-reference.com/players/j/jonesda03.html
Active,Damian Lillard,PG,lillada01,file:///Users/alexcheng/Downloads/us.sitesucker.mac.sitesucker/www.basketball-reference.com/players/l/lillada01.html
Inactive,Damien Inglis,SF,inglida01,file:///Users/alexcheng/Downloads/us.sitesucker.mac.sitesucker/www.basketball-reference.com/players/i/inglida01.html
Active,Damjan Rudez,SF,rudezda01,file:///Users/alexcheng/Downloads/us.sitesucker.mac.sitesucker/www.basketball-reference.com/players/r/rudezda01.html
Active,Daniel Ochefu,C,ochefda01,file:///Users/alexcheng/Downloads/us.sitesucker.mac.sitesucker/www.basketball-reference.com/players/o/ochefda01.html
Active,Danilo Gallinari,SF,gallida01,file:///Users/alexcheng/Downloads/us.sitesucker.mac.sitesucker/www.basketball-reference.com/players/g/gallida01.html
Inactive,Danny Granger,SF,grangda01,file:///Users/alexcheng/Downloads/us.sitesucker.mac.sitesucker/www.basketball-reference.com/players/g/grangda01.html
Active,Danny Green,SG,greenda02,file:///Users/alexcheng/Downloads/us.sitesucker.mac.sitesucker/www.basketball-reference.com/players/g/greenda02.html
Active,Dante Cunningham,SF,cunnida01,file:///Users/alexcheng/Downloads/us.sitesucker.mac.sitesucker/www.basketball-reference.com/players/c/cunnida01.html
Active,Dante Exum,PG,exumda01,file:///Users/alexcheng/Downloads/us.sitesucker.mac.sitesucker/www.basketball-reference.com/players/e/exumda01.html
Active,Danuel House,SG,houseda01,file:///Users/alexcheng/Downloads/us.sitesucker.mac.sitesucker/www.basketball-reference.com/players/h/houseda01.html
Active,Dario Saric,PF,saricda01,file:///Users/alexcheng/Downloads/us.sitesucker.mac.sitesucker/www.basketball-reference.com/players/s/saricda01.html
Inactive,Darius Miller,SF,milleda01,file:///Users/alexcheng/Downloads/us.sitesucker.mac.sitesucker/www.basketball-reference.com/players/m/milleda01.html
Inactive,Darius Morris,PG,morrida01,file:///Users/alexcheng/Downloads/us.sitesucker.mac.sitesucker/www.basketball-reference.com/players/m/morrida01.html
Active,Darrell Arthur,PF,arthuda01,file:///Users/alexcheng/Downloads/us.sitesucker.mac.sitesucker/www.basketball-reference.com/players/a/arthuda01.html
Active,Darren Collison,PG,collida01,file:///Users/alexcheng/Downloads/us.sitesucker.mac.sitesucker/www.basketball-reference.com/players/c/collida01.html
Active,Darrun Hilliard,SG,hillida01,file:///Users/alexcheng/Downloads/us.sitesucker.mac.sitesucker/www.basketball-reference.com/players/h/hillida01.html
Active,David Lee,PF,leeda02,file:///Users/alexcheng/Downloads/us.sitesucker.mac.sitesucker/www.basketball-reference.com/players/l/leeda02.html
Inactive,David Stockton,PG,stockda01,file:///Users/alexcheng/Downloads/us.sitesucker.mac.sitesucker/www.basketball-reference.com/players/s/stockda01.html
Inactive,David Wear,PF,wearda01,file:///Users/alexcheng/Downloads/us.sitesucker.mac.sitesucker/www.basketball-reference.com/players/w/wearda01.html
Active,David West,PF,westda01,file:///Users/alexcheng/Downloads/us.sitesucker.mac.sitesucker/www.basketball-reference.com/players/w/westda01.html
Active,Davis Bertans,PF,bertada01,file:///Users/alexcheng/Downloads/us.sitesucker.mac.sitesucker/www.basketball-reference.com/players/b/bertada01.html
Active,DeAndre Jordan,C,jordade01,file:///Users/alexcheng/Downloads/us.sitesucker.mac.sitesucker/www.basketball-reference.com/players/j/jordade01.html
Active,DeAndre Liggins,SG,liggide01,file:///Users/alexcheng/Downloads/us.sitesucker.mac.sitesucker/www.basketball-reference.com/players/l/liggide01.html
Active,DeAndre' Bembry,SF,bembrde01,file:///Users/alexcheng/Downloads/us.sitesucker.mac.sitesucker/www.basketball-reference.com/players/b/bembrde01.html
Active,Dejounte Murray,PG,murrade01,file:///Users/alexcheng/Downloads/us.sitesucker.mac.sitesucker/www.basketball-reference.com/players/m/murrade01.html
Inactive,DeJuan Blair,C,blairde01,file:///Users/alexcheng/Downloads/us.sitesucker.mac.sitesucker/www.basketball-reference.com/players/b/blairde01.html
Active,Delon Wright,PG,wrighde01,file:///Users/alexcheng/Downloads/us.sitesucker.mac.sitesucker/www.basketball-reference.com/players/w/wrighde01.html
Active,DeMar DeRozan,SG,derozde01,file:///Users/alexcheng/Downloads/us.sitesucker.mac.sitesucker/www.basketball-reference.com/players/d/derozde01.html
Active,DeMarcus Cousins,C,couside01,file:///Users/alexcheng/Downloads/us.sitesucker.mac.sitesucker/www.basketball-reference.com/players/c/couside01.html
Active,DeMarre Carroll,SF,carrode01,file:///Users/alexcheng/Downloads/us.sitesucker.mac.sitesucker/www.basketball-reference.com/players/c/carrode01.html
Active,Demetrius Jackson,PG,jacksde01,file:///Users/alexcheng/Downloads/us.sitesucker.mac.sitesucker/www.basketball-reference.com/players/j/jacksde01.html
Active,Dennis Schroder,PG,schrode01,file:///Users/alexcheng/Downloads/us.sitesucker.mac.sitesucker/www.basketball-reference.com/players/s/schrode01.html
Active,Denzel Valentine,SG,valende01,file:///Users/alexcheng/Downloads/us.sitesucker.mac.sitesucker/www.basketball-reference.com/players/v/valende01.html
Active,Deron Williams,PG,willide01,file:///Users/alexcheng/Downloads/us.sitesucker.mac.sitesucker/www.basketball-reference.com/players/w/willide01.html
Active,Derrick Favors,PF,favorde01,file:///Users/alexcheng/Downloads/us.sitesucker.mac.sitesucker/www.basketball-reference.com/players/f/favorde01.html
Active,Derrick Jones,SF,jonesde02,file:///Users/alexcheng/Downloads/us.sitesucker.mac.sitesucker/www.basketball-reference.com/players/j/jonesde02.html
Active,Derrick Rose,PG,rosede01,file:///Users/alexcheng/Downloads/us.sitesucker.mac.sitesucker/www.basketball-reference.com/players/r/rosede01.html
Active,Derrick Williams,PF,willide02,file:///Users/alexcheng/Downloads/us.sitesucker.mac.sitesucker/www.basketball-reference.com/players/w/willide02.html
Active,Devin Booker,SG,bookede01,file:///Users/alexcheng/Downloads/us.sitesucker.mac.sitesucker/www.basketball-reference.com/players/b/bookede01.html
Active,Devin Harris,PG,harride01,file:///Users/alexcheng/Downloads/us.sitesucker.mac.sitesucker/www.basketball-reference.com/players/h/harride01.html
Inactive,Devyn Marble,SG,marblde01,file:///Users/alexcheng/Downloads/us.sitesucker.mac.sitesucker/www.basketball-reference.com/players/m/marblde01.html
Active,Dewayne Dedmon,C,dedmode01,file:///Users/alexcheng/Downloads/us.sitesucker.mac.sitesucker/www.basketball-reference.com/players/d/dedmode01.html
Active,Deyonta Davis,C,davisde01,file:///Users/alexcheng/Downloads/us.sitesucker.mac.sitesucker/www.basketball-reference.com/players/d/davisde01.html
Active,Diamond Stone,C,stonedi01,file:///Users/alexcheng/Downloads/us.sitesucker.mac.sitesucker/www.basketball-reference.com/players/s/stonedi01.html
Active,Dion Waiters,SG,waitedi01,file:///Users/alexcheng/Downloads/us.sitesucker.mac.sitesucker/www.basketball-reference.com/players/w/waitedi01.html
Active,Dirk Nowitzki,PF,nowitdi01,file:///Users/alexcheng/Downloads/us.sitesucker.mac.sitesucker/www.basketball-reference.com/players/n/nowitdi01.html
Active,Domantas Sabonis,PF,sabondo01,file:///Users/alexcheng/Downloads/us.sitesucker.mac.sitesucker/www.basketball-reference.com/players/s/sabondo01.html
Inactive,Donald Sloan,PG,sloando01,file:///Users/alexcheng/Downloads/us.sitesucker.mac.sitesucker/www.basketball-reference.com/players/s/sloando01.html
Active,Donatas Motiejunas,PF,motiedo01,file:///Users/alexcheng/Downloads/us.sitesucker.mac.sitesucker/www.basketball-reference.com/players/m/motiedo01.html
Inactive,Dorell Wright,SF,wrighdo01,file:///Users/alexcheng/Downloads/us.sitesucker.mac.sitesucker/www.basketball-reference.com/players/w/wrighdo01.html
Active,Dorian Finney-Smith,PF,finnedo01,file:///Users/alexcheng/Downloads/us.sitesucker.mac.sitesucker/www.basketball-reference.com/players/f/finnedo01.html
Active,Doug McDermott,SF,mcderdo01,file:///Users/alexcheng/Downloads/us.sitesucker.mac.sitesucker/www.basketball-reference.com/players/m/mcderdo01.html
Active,Dragan Bender,PF,bendedr01,file:///Users/alexcheng/Downloads/us.sitesucker.mac.sitesucker/www.basketball-reference.com/players/b/bendedr01.html
Active,Draymond Green,PF,greendr01,file:///Users/alexcheng/Downloads/us.sitesucker.mac.sitesucker/www.basketball-reference.com/players/g/greendr01.html
Inactive,Drew Gooden,PF,goodedr01,file:///Users/alexcheng/Downloads/us.sitesucker.mac.sitesucker/www.basketball-reference.com/players/g/goodedr01.html
Inactive,Duje Dukan,SF,dukandu01,file:///Users/alexcheng/Downloads/us.sitesucker.mac.sitesucker/www.basketball-reference.com/players/d/dukandu01.html
Inactive,Dwight Buycks,PG,buyckdw01,file:///Users/alexcheng/Downloads/us.sitesucker.mac.sitesucker/www.basketball-reference.com/players/b/buyckdw01.html
Active,Dwight Howard,C,howardw01,file:///Users/alexcheng/Downloads/us.sitesucker.mac.sitesucker/www.basketball-reference.com/players/h/howardw01.html
Active,Dwight Powell,C,poweldw01,file:///Users/alexcheng/Downloads/us.sitesucker.mac.sitesucker/www.basketball-reference.com/players/p/poweldw01.html
Active,Dwyane Wade,SG,wadedw01,file:///Users/alexcheng/Downloads/us.sitesucker.mac.sitesucker/www.basketball-reference.com/players/w/wadedw01.html
Active,E'Twaun Moore,SG,mooreet01,file:///Users/alexcheng/Downloads/us.sitesucker.mac.sitesucker/www.basketball-reference.com/players/m/mooreet01.html
Inactive,Earl Barron,C,barroea01,file:///Users/alexcheng/Downloads/us.sitesucker.mac.sitesucker/www.basketball-reference.com/players/b/barroea01.html
Inactive,Earl Clark,PF,clarkea01,file:///Users/alexcheng/Downloads/us.sitesucker.mac.sitesucker/www.basketball-reference.com/players/c/clarkea01.html
Active,Ed Davis,PF,davised01,file:///Users/alexcheng/Downloads/us.sitesucker.mac.sitesucker/www.basketball-reference.com/players/d/davised01.html
Inactive,Ekpe Udoh,PF,udohek01,file:///Users/alexcheng/Downloads/us.sitesucker.mac.sitesucker/www.basketball-reference.com/players/u/udohek01.html
Active,Elfrid Payton,PG,paytoel01,file:///Users/alexcheng/Downloads/us.sitesucker.mac.sitesucker/www.basketball-reference.com/players/p/paytoel01.html
Inactive,Elijah Millsap,SG,millsel01,file:///Users/alexcheng/Downloads/us.sitesucker.mac.sitesucker/www.basketball-reference.com/players/m/millsel01.html
Inactive,Elliot Williams,SG,williel01,file:///Users/alexcheng/Downloads/us.sitesucker.mac.sitesucker/www.basketball-reference.com/players/w/williel01.html
Inactive,Elton Brand,C,brandel01,file:///Users/alexcheng/Downloads/us.sitesucker.mac.sitesucker/www.basketball-reference.com/players/b/brandel01.html
Active,Emmanuel Mudiay,PG,mudiaem01,file:///Users/alexcheng/Downloads/us.sitesucker.mac.sitesucker/www.basketball-reference.com/players/m/mudiaem01.html
Active,Enes Kanter,C,kanteen01,file:///Users/alexcheng/Downloads/us.sitesucker.mac.sitesucker/www.basketball-reference.com/players/k/kanteen01.html
Active,Eric Bledsoe,PG,bledser01,file:///Users/alexcheng/Downloads/us.sitesucker.mac.sitesucker/www.basketball-reference.com/players/b/bledser01.html
Active,Eric Gordon,SG,gordoer01,file:///Users/alexcheng/Downloads/us.sitesucker.mac.sitesucker/www.basketball-reference.com/players/g/gordoer01.html
Inactive,Eric Moreland,PF,moreler01,file:///Users/alexcheng/Downloads/us.sitesucker.mac.sitesucker/www.basketball-reference.com/players/m/moreler01.html
Inactive,Erick Green,PG,greener01,file:///Users/alexcheng/Downloads/us.sitesucker.mac.sitesucker/www.basketball-reference.com/players/g/greener01.html
Active,Ersan Ilyasova,PF,ilyaser01,file:///Users/alexcheng/Downloads/us.sitesucker.mac.sitesucker/www.basketball-reference.com/players/i/ilyaser01.html
Active,Evan Fournier,SG,fournev01,file:///Users/alexcheng/Downloads/us.sitesucker.mac.sitesucker/www.basketball-reference.com/players/f/fournev01.html
Active,Evan Turner,SG,turneev01,file:///Users/alexcheng/Downloads/us.sitesucker.mac.sitesucker/www.basketball-reference.com/players/t/turneev01.html
Inactive,Festus Ezeli,C,ezelife01,file:///Users/alexcheng/Downloads/us.sitesucker.mac.sitesucker/www.basketball-reference.com/players/e/ezelife01.html
Inactive,Francisco Garcia,SF,garcifr01,file:///Users/alexcheng/Downloads/us.sitesucker.mac.sitesucker/www.basketball-reference.com/players/g/garcifr01.html
Active,Frank Kaminsky,C,kaminfr01,file:///Users/alexcheng/Downloads/us.sitesucker.mac.sitesucker/www.basketball-reference.com/players/k/kaminfr01.html
Active,Fred VanVleet,PG,vanvlfr01,file:///Users/alexcheng/Downloads/us.sitesucker.mac.sitesucker/www.basketball-reference.com/players/v/vanvlfr01.html
Inactive,Furkan Aldemir,PF,aldemfu01,file:///Users/alexcheng/Downloads/us.sitesucker.mac.sitesucker/www.basketball-reference.com/players/a/aldemfu01.html
Inactive,Gal Mekel,PG,mekelga01,file:///Users/alexcheng/Downloads/us.sitesucker.mac.sitesucker/www.basketball-reference.com/players/m/mekelga01.html
Active,Garrett Temple,SG,templga01,file:///Users/alexcheng/Downloads/us.sitesucker.mac.sitesucker/www.basketball-reference.com/players/t/templga01.html
Active,Gary Harris,SG,harriga01,file:///Users/alexcheng/Downloads/us.sitesucker.mac.sitesucker/www.basketball-reference.com/players/h/harriga01.html
Active,Gary Neal,SG,nealga01,file:///Users/alexcheng/Downloads/us.sitesucker.mac.sitesucker/www.basketball-reference.com/players/n/nealga01.html
Active,George Hill,PG,hillge01,file:///Users/alexcheng/Downloads/us.sitesucker.mac.sitesucker/www.basketball-reference.com/players/h/hillge01.html
Active,Georges Niang,PF,niangge01,file:///Users/alexcheng/Downloads/us.sitesucker.mac.sitesucker/www.basketball-reference.com/players/n/niangge01.html
Active,Georgios Papagiannis,C,papagge01,file:///Users/alexcheng/Downloads/us.sitesucker.mac.sitesucker/www.basketball-reference.com/players/p/papagge01.html
Active,Gerald Green,SG,greenge01,file:///Users/alexcheng/Downloads/us.sitesucker.mac.sitesucker/www.basketball-reference.com/players/g/greenge01.html
Active,Gerald Henderson,SG,hendege02,file:///Users/alexcheng/Downloads/us.sitesucker.mac.sitesucker/www.basketball-reference.com/players/h/hendege02.html
Inactive,Gerald Wallace,SF,wallage01,file:///Users/alexcheng/Downloads/us.sitesucker.mac.sitesucker/www.basketball-reference.com/players/w/wallage01.html
Active,Giannis Antetokounmpo,SF,antetgi01,file:///Users/alexcheng/Downloads/us.sitesucker.mac.sitesucker/www.basketball-reference.com/players/a/antetgi01.html
Inactive,Glen Davis,PF,davisgl01,file:///Users/alexcheng/Downloads/us.sitesucker.mac.sitesucker/www.basketball-reference.com/players/d/davisgl01.html
Inactive,Glen Rice,SG,ricegl02,file:///Users/alexcheng/Downloads/us.sitesucker.mac.sitesucker/www.basketball-reference.com/players/r/ricegl02.html
Active,Glenn Robinson,SF,robingl02,file:///Users/alexcheng/Downloads/us.sitesucker.mac.sitesucker/www.basketball-reference.com/players/r/robingl02.html
Active,Goran Dragic,PG,dragigo01,file:///Users/alexcheng/Downloads/us.sitesucker.mac.sitesucker/www.basketball-reference.com/players/d/dragigo01.html
Active,Gordon Hayward,SF,haywago01,file:///Users/alexcheng/Downloads/us.sitesucker.mac.sitesucker/www.basketball-reference.com/players/h/haywago01.html
Active,Gorgui Dieng,PF,dienggo01,file:///Users/alexcheng/Downloads/us.sitesucker.mac.sitesucker/www.basketball-reference.com/players/d/dienggo01.html
Inactive,Grant Jerrett,PF,jerregr01,file:///Users/alexcheng/Downloads/us.sitesucker.mac.sitesucker/www.basketball-reference.com/players/j/jerregr01.html
Active,Greg Monroe,C,monrogr01,file:///Users/alexcheng/Downloads/us.sitesucker.mac.sitesucker/www.basketball-reference.com/players/m/monrogr01.html
Inactive,Greg Smith,PF,smithgr02,file:///Users/alexcheng/Downloads/us.sitesucker.mac.sitesucker/www.basketball-reference.com/players/s/smithgr02.html
Inactive,Greg Stiemsma,C,stiemgr01,file:///Users/alexcheng/Downloads/us.sitesucker.mac.sitesucker/www.basketball-reference.com/players/s/stiemgr01.html
Active,Greivis Vasquez,PG,vasqugr01,file:///Users/alexcheng/Downloads/us.sitesucker.mac.sitesucker/www.basketball-reference.com/players/v/vasqugr01.html
Active,Harrison Barnes,PF,barneha02,file:///Users/alexcheng/Downloads/us.sitesucker.mac.sitesucker/www.basketball-reference.com/players/b/barneha02.html
Active,Hassan Whiteside,C,whiteha01,file:///Users/alexcheng/Downloads/us.sitesucker.mac.sitesucker/www.basketball-reference.com/players/w/whiteha01.html
Inactive,Hedo Turkoglu,SF,turkohe01,file:///Users/alexcheng/Downloads/us.sitesucker.mac.sitesucker/www.basketball-reference.com/players/t/turkohe01.html
Active,Henry Ellenson,PF,ellenhe01,file:///Users/alexcheng/Downloads/us.sitesucker.mac.sitesucker/www.basketball-reference.com/players/e/ellenhe01.html
Inactive,Henry Sims,C,simshe01,file:///Users/alexcheng/Downloads/us.sitesucker.mac.sitesucker/www.basketball-reference.com/players/s/simshe01.html
Inactive,Henry Walker,SF,walkebi01,file:///Users/alexcheng/Downloads/us.sitesucker.mac.sitesucker/www.basketball-reference.com/players/w/walkebi01.html
Active,Hollis Thompson,SG,thompho01,file:///Users/alexcheng/Downloads/us.sitesucker.mac.sitesucker/www.basketball-reference.com/players/t/thompho01.html
Active,Ian Clark,SG,clarkia01,file:///Users/alexcheng/Downloads/us.sitesucker.mac.sitesucker/www.basketball-reference.com/players/c/clarkia01.html
Active,Ian Mahinmi,C,mahinia01,file:///Users/alexcheng/Downloads/us.sitesucker.mac.sitesucker/www.basketball-reference.com/players/m/mahinia01.html
Active,Iman Shumpert,SG,shumpim01,file:///Users/alexcheng/Downloads/us.sitesucker.mac.sitesucker/www.basketball-reference.com/players/s/shumpim01.html
Active,Isaiah Canaan,SG,canaais01,file:///Users/alexcheng/Downloads/us.sitesucker.mac.sitesucker/www.basketball-reference.com/players/c/canaais01.html
Active,Isaiah Thomas,PG,thomais02,file:///Users/alexcheng/Downloads/us.sitesucker.mac.sitesucker/www.basketball-reference.com/players/t/thomais02.html
Active,Isaiah Whitehead,PG,whiteis01,file:///Users/alexcheng/Downloads/us.sitesucker.mac.sitesucker/www.basketball-reference.com/players/w/whiteis01.html
Active,Ish Smith,PG,smithis01,file:///Users/alexcheng/Downloads/us.sitesucker.mac.sitesucker/www.basketball-reference.com/players/s/smithis01.html
Active,Ivica Zubac,C,zubaciv01,file:///Users/alexcheng/Downloads/us.sitesucker.mac.sitesucker/www.basketball-reference.com/players/z/zubaciv01.html
Active,J.J. Barea,PG,bareajo01,file:///Users/alexcheng/Downloads/us.sitesucker.mac.sitesucker/www.basketball-reference.com/players/b/bareajo01.html
Inactive,J.J. Hickson,C,hicksjj01,file:///Users/alexcheng/Downloads/us.sitesucker.mac.sitesucker/www.basketball-reference.com/players/h/hicksjj01.html
Inactive,J.J. O'Brien,SF,obriejj01,file:///Users/alexcheng/Downloads/us.sitesucker.mac.sitesucker/www.basketball-reference.com/players/o/obriejj01.html
Active,J.J. Redick,SG,redicjj01,file:///Users/alexcheng/Downloads/us.sitesucker.mac.sitesucker/www.basketball-reference.com/players/r/redicjj01.html
Active,J.R. Smith,SG,smithjr01,file:///Users/alexcheng/Downloads/us.sitesucker.mac.sitesucker/www.basketball-reference.com/players/s/smithjr01.html
Inactive,Jabari Brown,SG,brownja01,file:///Users/alexcheng/Downloads/us.sitesucker.mac.sitesucker/www.basketball-reference.com/players/b/brownja01.html
Active,Jabari Parker,PF,parkeja01,file:///Users/alexcheng/Downloads/us.sitesucker.mac.sitesucker/www.basketball-reference.com/players/p/parkeja01.html
Inactive,Jack Cooley,PF,cooleja01,file:///Users/alexcheng/Downloads/us.sitesucker.mac.sitesucker/www.basketball-reference.com/players/c/cooleja01.html
Active,Jae Crowder,SF,crowdja01,file:///Users/alexcheng/Downloads/us.sitesucker.mac.sitesucker/www.basketball-reference.com/players/c/crowdja01.html
Active,Jahlil Okafor,C,okafoja01,file:///Users/alexcheng/Downloads/us.sitesucker.mac.sitesucker/www.basketball-reference.com/players/o/okafoja01.html
Inactive,JaKarr Sampson,SF,sampsja02,file:///Users/alexcheng/Downloads/us.sitesucker.mac.sitesucker/www.basketball-reference.com/players/s/sampsja02.html
Active,Jake Layman,SF,laymaja01,file:///Users/alexcheng/Downloads/us.sitesucker.mac.sitesucker/www.basketball-reference.com/players/l/laymaja01.html
Active,Jakob Poeltl,C,poeltja01,file:///Users/alexcheng/Downloads/us.sitesucker.mac.sitesucker/www.basketball-reference.com/players/p/poeltja01.html
Inactive,Jamaal Franklin,SG,frankja01,file:///Users/alexcheng/Downloads/us.sitesucker.mac.sitesucker/www.basketball-reference.com/players/f/frankja01.html
Active,Jamal Crawford,SG,crawfja01,file:///Users/alexcheng/Downloads/us.sitesucker.mac.sitesucker/www.basketball-reference.com/players/c/crawfja01.html
Active,Jamal Murray,SG,murraja01,file:///Users/alexcheng/Downloads/us.sitesucker.mac.sitesucker/www.basketball-reference.com/players/m/murraja01.html
Active,Jameer Nelson,PG,nelsoja01,file:///Users/alexcheng/Downloads/us.sitesucker.mac.sitesucker/www.basketball-reference.com/players/n/nelsoja01.html
Inactive,James Anderson,SG,anderja01,file:///Users/alexcheng/Downloads/us.sitesucker.mac.sitesucker/www.basketball-reference.com/players/a/anderja01.html
Active,James Ennis,SF,ennisja01,file:///Users/alexcheng/Downloads/us.sitesucker.mac.sitesucker/www.basketball-reference.com/players/e/ennisja01.html
Active,James Harden,PG,hardeja01,file:///Users/alexcheng/Downloads/us.sitesucker.mac.sitesucker/www.basketball-reference.com/players/h/hardeja01.html
Active,James Johnson,PF,johnsja01,file:///Users/alexcheng/Downloads/us.sitesucker.mac.sitesucker/www.basketball-reference.com/players/j/johnsja01.html
Active,James Jones,SF,jonesja02,file:///Users/alexcheng/Downloads/us.sitesucker.mac.sitesucker/www.basketball-reference.com/players/j/jonesja02.html
Active,James Michael McAdoo,PF,mcadoja01,file:///Users/alexcheng/Downloads/us.sitesucker.mac.sitesucker/www.basketball-reference.com/players/m/mcadoja01.html
Active,James Young,SG,youngja01,file:///Users/alexcheng/Downloads/us.sitesucker.mac.sitesucker/www.basketball-reference.com/players/y/youngja01.html
Active,JaMychal Green,PF,greenja01,file:///Users/alexcheng/Downloads/us.sitesucker.mac.sitesucker/www.basketball-reference.com/players/g/greenja01.html
Inactive,Jannero Pargo,PG,pargoja01,file:///Users/alexcheng/Downloads/us.sitesucker.mac.sitesucker/www.basketball-reference.com/players/p/pargoja01.html
Inactive,Jared Cunningham,SG,cunnija01,file:///Users/alexcheng/Downloads/us.sitesucker.mac.sitesucker/www.basketball-reference.com/players/c/cunnija01.html
Active,Jared Dudley,PF,dudleja01,file:///Users/alexcheng/Downloads/us.sitesucker.mac.sitesucker/www.basketball-reference.com/players/d/dudleja01.html
Active,Jared Sullinger,PF,sullija01,file:///Users/alexcheng/Downloads/us.sitesucker.mac.sitesucker/www.basketball-reference.com/players/s/sullija01.html
Inactive,Jarell Eddie,SF,eddieja01,file:///Users/alexcheng/Downloads/us.sitesucker.mac.sitesucker/www.basketball-reference.com/players/e/eddieja01.html
Active,Jarell Martin,PF,martija01,file:///Users/alexcheng/Downloads/us.sitesucker.mac.sitesucker/www.basketball-reference.com/players/m/martija01.html
Active,Jarnell Stokes,PF,stokeja01,file:///Users/alexcheng/Downloads/us.sitesucker.mac.sitesucker/www.basketball-reference.com/players/s/stokeja01.html
Inactive,Jarrett Jack,PG,jackja01,file:///Users/alexcheng/Downloads/us.sitesucker.mac.sitesucker/www.basketball-reference.com/players/j/jackja01.html
Inactive,Jason Maxiell,PF,maxieja01,file:///Users/alexcheng/Downloads/us.sitesucker.mac.sitesucker/www.basketball-reference.com/players/m/maxieja01.html
Inactive,Jason Richardson,SG,richaja01,file:///Users/alexcheng/Downloads/us.sitesucker.mac.sitesucker/www.basketball-reference.com/players/r/richaja01.html
Active,Jason Smith,C,smithja02,file:///Users/alexcheng/Downloads/us.sitesucker.mac.sitesucker/www.basketball-reference.com/players/s/smithja02.html
Active,Jason Terry,SG,terryja01,file:///Users/alexcheng/Downloads/us.sitesucker.mac.sitesucker/www.basketball-reference.com/players/t/terryja01.html
Inactive,Jason Thompson,PF,thompja02,file:///Users/alexcheng/Downloads/us.sitesucker.mac.sitesucker/www.basketball-reference.com/players/t/thompja02.html
Active,JaVale McGee,C,mcgeeja01,file:///Users/alexcheng/Downloads/us.sitesucker.mac.sitesucker/www.basketball-reference.com/players/m/mcgeeja01.html
Active,Jaylen Brown,SF,brownja02,file:///Users/alexcheng/Downloads/us.sitesucker.mac.sitesucker/www.basketball-reference.com/players/b/brownja02.html
Inactive,Jeff Adrien,PF,adrieje01,file:///Users/alexcheng/Downloads/us.sitesucker.mac.sitesucker/www.basketball-reference.com/players/a/adrieje01.html
Inactive,Jeff Ayres,C,pendeje02,file:///Users/alexcheng/Downloads/us.sitesucker.mac.sitesucker/www.basketball-reference.com/players/p/pendeje02.html
Active,Jeff Green,SF,greenje02,file:///Users/alexcheng/Downloads/us.sitesucker.mac.sitesucker/www.basketball-reference.com/players/g/greenje02.html
Active,Jeff Teague,PG,teaguje01,file:///Users/alexcheng/Downloads/us.sitesucker.mac.sitesucker/www.basketball-reference.com/players/t/teaguje01.html
Active,Jeff Withey,C,witheje01,file:///Users/alexcheng/Downloads/us.sitesucker.mac.sitesucker/www.basketball-reference.com/players/w/witheje01.html
Inactive,Jeffery Taylor,SF,tayloje03,file:///Users/alexcheng/Downloads/us.sitesucker.mac.sitesucker/www.basketball-reference.com/players/t/tayloje03.html
Active,Jerami Grant,SF,grantje01,file:///Users/alexcheng/Downloads/us.sitesucker.mac.sitesucker/www.basketball-reference.com/players/g/grantje01.html
Inactive,Jerel McNeal,PG,mcneaje01,file:///Users/alexcheng/Downloads/us.sitesucker.mac.sitesucker/www.basketball-reference.com/players/m/mcneaje01.html
Inactive,Jeremy Evans,SF,evansje01,file:///Users/alexcheng/Downloads/us.sitesucker.mac.sitesucker/www.basketball-reference.com/players/e/evansje01.html
Active,Jeremy Lamb,SG,lambje01,file:///Users/alexcheng/Downloads/us.sitesucker.mac.sitesucker/www.basketball-reference.com/players/l/lambje01.html
Active,Jeremy Lin,PG,linje01,file:///Users/alexcheng/Downloads/us.sitesucker.mac.sitesucker/www.basketball-reference.com/players/l/linje01.html
Active,Jerian Grant,PG,grantje02,file:///Users/alexcheng/Downloads/us.sitesucker.mac.sitesucker/www.basketball-reference.com/players/g/grantje02.html
Inactive,Jerome Jordan,C,jordaje01,file:///Users/alexcheng/Downloads/us.sitesucker.mac.sitesucker/www.basketball-reference.com/players/j/jordaje01.html
Inactive,Jerrelle Benimon,PF,benimje01,file:///Users/alexcheng/Downloads/us.sitesucker.mac.sitesucker/www.basketball-reference.com/players/b/benimje01.html
Active,Jerryd Bayless,PG,bayleje01,file:///Users/alexcheng/Downloads/us.sitesucker.mac.sitesucker/www.basketball-reference.com/players/b/bayleje01.html
Inactive,Jimmer Fredette,SG,fredeji01,file:///Users/alexcheng/Downloads/us.sitesucker.mac.sitesucker/www.basketball-reference.com/players/f/fredeji01.html
Active,Jimmy Butler,SF,butleji01,file:///Users/alexcheng/Downloads/us.sitesucker.mac.sitesucker/www.basketball-reference.com/players/b/butleji01.html
Active,Joakim Noah,C,noahjo01,file:///Users/alexcheng/Downloads/us.sitesucker.mac.sitesucker/www.basketball-reference.com/players/n/noahjo01.html
Active,Jodie Meeks,SG,meeksjo01,file:///Users/alexcheng/Downloads/us.sitesucker.mac.sitesucker/www.basketball-reference.com/players/m/meeksjo01.html
Active,Joe Harris,SG,harrijo01,file:///Users/alexcheng/Downloads/us.sitesucker.mac.sitesucker/www.basketball-reference.com/players/h/harrijo01.html
Active,Joe Ingles,SF,inglejo01,file:///Users/alexcheng/Downloads/us.sitesucker.mac.sitesucker/www.basketball-reference.com/players/i/inglejo01.html
Active,Joe Johnson,SF,johnsjo02,file:///Users/alexcheng/Downloads/us.sitesucker.mac.sitesucker/www.basketball-reference.com/players/j/johnsjo02.html
Active,Joe Young,PG,youngjo01,file:///Users/alexcheng/Downloads/us.sitesucker.mac.sitesucker/www.basketball-reference.com/players/y/youngjo01.html
Active,Joel Anthony,C,anthojo01,file:///Users/alexcheng/Downloads/us.sitesucker.mac.sitesucker/www.basketball-reference.com/players/a/anthojo01.html
Active,Joel Bolomboy,PF,bolomjo01,file:///Users/alexcheng/Downloads/us.sitesucker.mac.sitesucker/www.basketball-reference.com/players/b/bolomjo01.html
Active,Joel Embiid,C,embiijo01,file:///Users/alexcheng/Downloads/us.sitesucker.mac.sitesucker/www.basketball-reference.com/players/e/embiijo01.html
Inactive,Joel Freeland,C,freeljo01,file:///Users/alexcheng/Downloads/us.sitesucker.mac.sitesucker/www.basketball-reference.com/players/f/freeljo01.html
Inactive,Joey Dorsey,PF,dorsejo01,file:///Users/alexcheng/Downloads/us.sitesucker.mac.sitesucker/www.basketball-reference.com/players/d/dorsejo01.html
Active,Joffrey Lauvergne,C,lauvejo01,file:///Users/alexcheng/Downloads/us.sitesucker.mac.sitesucker/www.basketball-reference.com/players/l/lauvejo01.html
Active,John Henson,C,hensojo01,file:///Users/alexcheng/Downloads/us.sitesucker.mac.sitesucker/www.basketball-reference.com/players/h/hensojo01.html
Active,John Jenkins,SG,jenkijo01,file:///Users/alexcheng/Downloads/us.sitesucker.mac.sitesucker/www.basketball-reference.com/players/j/jenkijo01.html
Active,John Lucas III,PG,lucasjo02,file:///Users/alexcheng/Downloads/us.sitesucker.mac.sitesucker/www.basketball-reference.com/players/l/lucasjo02.html
Inactive,John Salmons,SF,salmojo01,file:///Users/alexcheng/Downloads/us.sitesucker.mac.sitesucker/www.basketball-reference.com/players/s/salmojo01.html
Active,John Wall,PG,walljo01,file:///Users/alexcheng/Downloads/us.sitesucker.mac.sitesucker/www.basketball-reference.com/players/w/walljo01.html
Active,Johnny O'Bryant,PF,obryajo01,file:///Users/alexcheng/Downloads/us.sitesucker.mac.sitesucker/www.basketball-reference.com/players/o/obryajo01.html
Active,Jon Leuer,PF,leuerjo01,file:///Users/alexcheng/Downloads/us.sitesucker.mac.sitesucker/www.basketball-reference.com/players/l/leuerjo01.html
Active,Jonas Jerebko,PF,jerebjo01,file:///Users/alexcheng/Downloads/us.sitesucker.mac.sitesucker/www.basketball-reference.com/players/j/jerebjo01.html
Active,Jonas Valanciunas,C,valanjo01,file:///Users/alexcheng/Downloads/us.sitesucker.mac.sitesucker/www.basketball-reference.com/players/v/valanjo01.html
Active,Jonathan Gibson,PG,gibsojo01,file:///Users/alexcheng/Downloads/us.sitesucker.mac.sitesucker/www.basketball-reference.com/players/g/gibsojo01.html
Active,Jonathon Simmons,SG,simmojo02,file:///Users/alexcheng/Downloads/us.sitesucker.mac.sitesucker/www.basketball-reference.com/players/s/simmojo02.html
Inactive,Jordan Adams,SG,adamsjo01,file:///Users/alexcheng/Downloads/us.sitesucker.mac.sitesucker/www.basketball-reference.com/players/a/adamsjo01.html
Active,Jordan Clarkson,SG,clarkjo01,file:///Users/alexcheng/Downloads/us.sitesucker.mac.sitesucker/www.basketball-reference.com/players/c/clarkjo01.html
Active,Jordan Farmar,PG,farmajo01,file:///Users/alexcheng/Downloads/us.sitesucker.mac.sitesucker/www.basketball-reference.com/players/f/farmajo01.html
Inactive,Jordan Hamilton,SF,hamiljo02,file:///Users/alexcheng/Downloads/us.sitesucker.mac.sitesucker/www.basketball-reference.com/players/h/hamiljo02.html
Active,Jordan Hill,C,hilljo01,file:///Users/alexcheng/Downloads/us.sitesucker.mac.sitesucker/www.basketball-reference.com/players/h/hilljo01.html
Active,Jordan McRae,SG,mcraejo01,file:///Users/alexcheng/Downloads/us.sitesucker.mac.sitesucker/www.basketball-reference.com/players/m/mcraejo01.html
Active,Jordan Mickey,PF,mickejo01,file:///Users/alexcheng/Downloads/us.sitesucker.mac.sitesucker/www.basketball-reference.com/players/m/mickejo01.html
Inactive,Jorge Gutierrez,PG,gutiejo01,file:///Users/alexcheng/Downloads/us.sitesucker.mac.sitesucker/www.basketball-reference.com/players/g/gutiejo01.html
Active,Jose Calderon,PG,caldejo01,file:///Users/alexcheng/Downloads/us.sitesucker.mac.sitesucker/www.basketball-reference.com/players/c/caldejo01.html
Active,Josh Huestis,PF,huestjo01,file:///Users/alexcheng/Downloads/us.sitesucker.mac.sitesucker/www.basketball-reference.com/players/h/huestjo01.html
Active,Josh McRoberts,PF,mcrobjo01,file:///Users/alexcheng/Downloads/us.sitesucker.mac.sitesucker/www.basketball-reference.com/players/m/mcrobjo01.html
Active,Josh Richardson,SG,richajo01,file:///Users/alexcheng/Downloads/us.sitesucker.mac.sitesucker/www.basketball-reference.com/players/r/richajo01.html
Inactive,Josh Smith,PF,smithjo03,file:///Users/alexcheng/Downloads/us.sitesucker.mac.sitesucker/www.basketball-reference.com/players/s/smithjo03.html
Active,Jrue Holiday,PG,holidjr01,file:///Users/alexcheng/Downloads/us.sitesucker.mac.sitesucker/www.basketball-reference.com/players/h/holidjr01.html
Active,Juan Hernangomez,PF,hernaju01,file:///Users/alexcheng/Downloads/us.sitesucker.mac.sitesucker/www.basketball-reference.com/players/h/hernaju01.html
Active,Julius Randle,PF,randlju01,file:///Users/alexcheng/Downloads/us.sitesucker.mac.sitesucker/www.basketball-reference.com/players/r/randlju01.html
Active,Justin Anderson,SF,anderju01,file:///Users/alexcheng/Downloads/us.sitesucker.mac.sitesucker/www.basketball-reference.com/players/a/anderju01.html
Active,Justin Hamilton,C,hamilju01,file:///Users/alexcheng/Downloads/us.sitesucker.mac.sitesucker/www.basketball-reference.com/players/h/hamilju01.html
Inactive,Justin Harper,PF,harpeju01,file:///Users/alexcheng/Downloads/us.sitesucker.mac.sitesucker/www.basketball-reference.com/players/h/harpeju01.html
Active,Justin Holiday,SG,holidju01,file:///Users/alexcheng/Downloads/us.sitesucker.mac.sitesucker/www.basketball-reference.com/players/h/holidju01.html
Active,Justise Winslow,SF,winslju01,file:///Users/alexcheng/Downloads/us.sitesucker.mac.sitesucker/www.basketball-reference.com/players/w/winslju01.html
Active,Jusuf Nurkic,C,nurkiju01,file:///Users/alexcheng/Downloads/us.sitesucker.mac.sitesucker/www.basketball-reference.com/players/n/nurkiju01.html
Active,K.J. McDaniels,SF,mcdankj01,file:///Users/alexcheng/Downloads/us.sitesucker.mac.sitesucker/www.basketball-reference.com/players/m/mcdankj01.html
Inactive,Kalin Lucas,PG,lucaska01,file:///Users/alexcheng/Downloads/us.sitesucker.mac.sitesucker/www.basketball-reference.com/players/l/lucaska01.html
Active,Karl-Anthony Towns,C,townska01,file:///Users/alexcheng/Downloads/us.sitesucker.mac.sitesucker/www.basketball-reference.com/players/t/townska01.html
Active,Kawhi Leonard,SF,leonaka01,file:///Users/alexcheng/Downloads/us.sitesucker.mac.sitesucker/www.basketball-reference.com/players/l/leonaka01.html
Active,Kay Felder,PG,feldeka01,file:///Users/alexcheng/Downloads/us.sitesucker.mac.sitesucker/www.basketball-reference.com/players/f/feldeka01.html
Inactive,Keith Appling,PG,applike01,file:///Users/alexcheng/Downloads/us.sitesucker.mac.sitesucker/www.basketball-reference.com/players/a/applike01.html
Active,Kelly Olynyk,C,olynyke01,file:///Users/alexcheng/Downloads/us.sitesucker.mac.sitesucker/www.basketball-reference.com/players/o/olynyke01.html
Active,Kelly Oubre,SF,oubreke01,file:///Users/alexcheng/Downloads/us.sitesucker.mac.sitesucker/www.basketball-reference.com/players/o/oubreke01.html
Active,Kemba Walker,PG,walkeke02,file:///Users/alexcheng/Downloads/us.sitesucker.mac.sitesucker/www.basketball-reference.com/players/w/walkeke02.html
Inactive,Kendall Marshall,PG,marshke01,file:///Users/alexcheng/Downloads/us.sitesucker.mac.sitesucker/www.basketball-reference.com/players/m/marshke01.html
Inactive,Kendrick Perkins,C,perkike01,file:///Users/alexcheng/Downloads/us.sitesucker.mac.sitesucker/www.basketball-reference.com/players/p/perkike01.html
Active,Kenneth Faried,PF,farieke01,file:///Users/alexcheng/Downloads/us.sitesucker.mac.sitesucker/www.basketball-reference.com/players/f/farieke01.html
Active,Kent Bazemore,SF,bazemke01,file:///Users/alexcheng/Downloads/us.sitesucker.mac.sitesucker/www.basketball-reference.com/players/b/bazemke01.html
Active,Kentavious Caldwell-Pope,SG,caldwke01,file:///Users/alexcheng/Downloads/us.sitesucker.mac.sitesucker/www.basketball-reference.com/players/c/caldwke01.html
Inactive,Kenyon Martin,PF,martike01,file:///Users/alexcheng/Downloads/us.sitesucker.mac.sitesucker/www.basketball-reference.com/players/m/martike01.html
Active,Kevin Durant,SF,duranke01,file:///Users/alexcheng/Downloads/us.sitesucker.mac.sitesucker/www.basketball-reference.com/players/d/duranke01.html
Inactive,Kevin Garnett,PF,garneke01,file:///Users/alexcheng/Downloads/us.sitesucker.mac.sitesucker/www.basketball-reference.com/players/g/garneke01.html
Active,Kevin Love,PF,loveke01,file:///Users/alexcheng/Downloads/us.sitesucker.mac.sitesucker/www.basketball-reference.com/players/l/loveke01.html
Inactive,Kevin Martin,SG,martike02,file:///Users/alexcheng/Downloads/us.sitesucker.mac.sitesucker/www.basketball-reference.com/players/m/martike02.html
Active,Kevin Seraphin,PF,serapke01,file:///Users/alexcheng/Downloads/us.sitesucker.mac.sitesucker/www.basketball-reference.com/players/s/serapke01.html
Active,Kevon Looney,C,looneke01,file:///Users/alexcheng/Downloads/us.sitesucker.mac.sitesucker/www.basketball-reference.com/players/l/looneke01.html
Inactive,Kevon Looney,PF,looneke01,file:///Users/alexcheng/Downloads/us.sitesucker.mac.sitesucker/www.basketball-reference.com/players/l/looneke01.html
Active,Khris Middleton,SG,middlkh01,file:///Users/alexcheng/Downloads/us.sitesucker.mac.sitesucker/www.basketball-reference.com/players/m/middlkh01.html
Inactive,Kirk Hinrich,PG,hinriki01,file:///Users/alexcheng/Downloads/us.sitesucker.mac.sitesucker/www.basketball-reference.com/players/h/hinriki01.html
Active,Klay Thompson,SG,thompkl01,file:///Users/alexcheng/Downloads/us.sitesucker.mac.sitesucker/www.basketball-reference.com/players/t/thompkl01.html
Inactive,Kobe Bryant,SG,bryanko01,file:///Users/alexcheng/Downloads/us.sitesucker.mac.sitesucker/www.basketball-reference.com/players/b/bryanko01.html
Active,Kosta Koufos,C,koufoko01,file:///Users/alexcheng/Downloads/us.sitesucker.mac.sitesucker/www.basketball-reference.com/players/k/koufoko01.html
Inactive,Kostas Papanikolaou,SF,papanko01,file:///Users/alexcheng/Downloads/us.sitesucker.mac.sitesucker/www.basketball-reference.com/players/p/papanko01.html
Active,Kris Dunn,PG,dunnkr01,file:///Users/alexcheng/Downloads/us.sitesucker.mac.sitesucker/www.basketball-reference.com/players/d/dunnkr01.html
Active,Kris Humphries,PF,humphkr01,file:///Users/alexcheng/Downloads/us.sitesucker.mac.sitesucker/www.basketball-reference.com/players/h/humphkr01.html
Active,Kristaps Porzingis,PF,porzikr01,file:///Users/alexcheng/Downloads/us.sitesucker.mac.sitesucker/www.basketball-reference.com/players/p/porzikr01.html
Active,Kyle Anderson,SG,anderky01,file:///Users/alexcheng/Downloads/us.sitesucker.mac.sitesucker/www.basketball-reference.com/players/a/anderky01.html
Active,Kyle Korver,SG,korveky01,file:///Users/alexcheng/Downloads/us.sitesucker.mac.sitesucker/www.basketball-reference.com/players/k/korveky01.html
Active,Kyle Lowry,PG,lowryky01,file:///Users/alexcheng/Downloads/us.sitesucker.mac.sitesucker/www.basketball-reference.com/players/l/lowryky01.html
Active,Kyle O'Quinn,PF,oquinky01,file:///Users/alexcheng/Downloads/us.sitesucker.mac.sitesucker/www.basketball-reference.com/players/o/oquinky01.html
Active,Kyle Singler,SF,singlky01,file:///Users/alexcheng/Downloads/us.sitesucker.mac.sitesucker/www.basketball-reference.com/players/s/singlky01.html
Active,Kyle Wiltjer,PF,wiltjky01,file:///Users/alexcheng/Downloads/us.sitesucker.mac.sitesucker/www.basketball-reference.com/players/w/wiltjky01.html
Active,Kyrie Irving,PG,irvinky01,file:///Users/alexcheng/Downloads/us.sitesucker.mac.sitesucker/www.basketball-reference.com/players/i/irvinky01.html
Active,Lamar Patterson,SG,pattela01,file:///Users/alexcheng/Downloads/us.sitesucker.mac.sitesucker/www.basketball-reference.com/players/p/pattela01.html
Active,LaMarcus Aldridge,PF,aldrila01,file:///Users/alexcheng/Downloads/us.sitesucker.mac.sitesucker/www.basketball-reference.com/players/a/aldrila01.html
Active,Lance Stephenson,SG,stephla01,file:///Users/alexcheng/Downloads/us.sitesucker.mac.sitesucker/www.basketball-reference.com/players/s/stephla01.html
Active,Lance Thomas,PF,thomala01,file:///Users/alexcheng/Downloads/us.sitesucker.mac.sitesucker/www.basketball-reference.com/players/t/thomala01.html
Inactive,Landry Fields,SF,fieldla01,file:///Users/alexcheng/Downloads/us.sitesucker.mac.sitesucker/www.basketball-reference.com/players/f/fieldla01.html
Active,Langston Galloway,PG,gallola01,file:///Users/alexcheng/Downloads/us.sitesucker.mac.sitesucker/www.basketball-reference.com/players/g/gallola01.html
Inactive,Larry Drew,PG,drewla02,file:///Users/alexcheng/Downloads/us.sitesucker.mac.sitesucker/www.basketball-reference.com/players/d/drewla02.html
Active,Larry Nance Jr.,PF,nancela02,file:///Users/alexcheng/Downloads/us.sitesucker.mac.sitesucker/www.basketball-reference.com/players/n/nancela02.html
Inactive,Larry Sanders,C,sandela01,file:///Users/alexcheng/Downloads/us.sitesucker.mac.sitesucker/www.basketball-reference.com/players/s/sandela01.html
Active,Lavoy Allen,PF,allenla01,file:///Users/alexcheng/Downloads/us.sitesucker.mac.sitesucker/www.basketball-reference.com/players/a/allenla01.html
Active,Leandro Barbosa,SG,barbole01,file:///Users/alexcheng/Downloads/us.sitesucker.mac.sitesucker/www.basketball-reference.com/players/b/barbole01.html
Active,LeBron James,SF,jamesle01,file:///Users/alexcheng/Downloads/us.sitesucker.mac.sitesucker/www.basketball-reference.com/players/j/jamesle01.html
Inactive,Lester Hudson,SG,hudsole01,file:///Users/alexcheng/Downloads/us.sitesucker.mac.sitesucker/www.basketball-reference.com/players/h/hudsole01.html
Inactive,Lorenzo Brown,PG,brownlo01,file:///Users/alexcheng/Downloads/us.sitesucker.mac.sitesucker/www.basketball-reference.com/players/b/brownlo01.html
Inactive,Lou Amundson,PF,amundlo01,file:///Users/alexcheng/Downloads/us.sitesucker.mac.sitesucker/www.basketball-reference.com/players/a/amundlo01.html
Active,Lou Williams,SG,willilo02,file:///Users/alexcheng/Downloads/us.sitesucker.mac.sitesucker/www.basketball-reference.com/players/w/willilo02.html
Active,Luc Mbah a Moute,PF,mbahalu01,file:///Users/alexcheng/Downloads/us.sitesucker.mac.sitesucker/www.basketball-reference.com/players/m/mbahalu01.html
Active,Lucas Nogueira,C,noguelu01,file:///Users/alexcheng/Downloads/us.sitesucker.mac.sitesucker/www.basketball-reference.com/players/n/noguelu01.html
Inactive,Luigi Datome,SF,datomlu01,file:///Users/alexcheng/Downloads/us.sitesucker.mac.sitesucker/www.basketball-reference.com/players/d/datomlu01.html
Inactive,Luis Montero,SG,montelu01,file:///Users/alexcheng/Downloads/us.sitesucker.mac.sitesucker/www.basketball-reference.com/players/m/montelu01.html
Active,Luis Scola,PF,scolalu01,file:///Users/alexcheng/Downloads/us.sitesucker.mac.sitesucker/www.basketball-reference.com/players/s/scolalu01.html
Active,Luke Babbitt,SF,babbilu01,file:///Users/alexcheng/Downloads/us.sitesucker.mac.sitesucker/www.basketball-reference.com/players/b/babbilu01.html
Inactive,Luke Ridnour,PG,ridnolu01,file:///Users/alexcheng/Downloads/us.sitesucker.mac.sitesucker/www.basketball-reference.com/players/r/ridnolu01.html
Active,Luol Deng,SF,denglu01,file:///Users/alexcheng/Downloads/us.sitesucker.mac.sitesucker/www.basketball-reference.com/players/d/denglu01.html
Active,Malachi Richardson,SG,richama01,file:///Users/alexcheng/Downloads/us.sitesucker.mac.sitesucker/www.basketball-reference.com/players/r/richama01.html
Active,Malcolm Brogdon,SG,brogdma01,file:///Users/alexcheng/Downloads/us.sitesucker.mac.sitesucker/www.basketball-reference.com/players/b/brogdma01.html
Active,Malcolm Delaney,PG,delanma01,file:///Users/alexcheng/Downloads/us.sitesucker.mac.sitesucker/www.basketball-reference.com/players/d/delanma01.html
Inactive,Malcolm Lee,SG,leema01,file:///Users/alexcheng/Downloads/us.sitesucker.mac.sitesucker/www.basketball-reference.com/players/l/leema01.html
Inactive,Malcolm Thomas,PF,thomama01,file:///Users/alexcheng/Downloads/us.sitesucker.mac.sitesucker/www.basketball-reference.com/players/t/thomama01.html
Active,Malik Beasley,SG,beaslma01,file:///Users/alexcheng/Downloads/us.sitesucker.mac.sitesucker/www.basketball-reference.com/players/b/beaslma01.html
Active,Manu Ginobili,SG,ginobma01,file:///Users/alexcheng/Downloads/us.sitesucker.mac.sitesucker/www.basketball-reference.com/players/g/ginobma01.html
Active,Marc Gasol,C,gasolma01,file:///Users/alexcheng/Downloads/us.sitesucker.mac.sitesucker/www.basketball-reference.com/players/g/gasolma01.html
Active,Marcelo Huertas,PG,huertma01,file:///Users/alexcheng/Downloads/us.sitesucker.mac.sitesucker/www.basketball-reference.com/players/h/huertma01.html
Active,Marcin Gortat,C,gortama01,file:///Users/alexcheng/Downloads/us.sitesucker.mac.sitesucker/www.basketball-reference.com/players/g/gortama01.html
Active,Marco Belinelli,SG,belinma01,file:///Users/alexcheng/Downloads/us.sitesucker.mac.sitesucker/www.basketball-reference.com/players/b/belinma01.html
Active,Marcus Morris,PF,morrima03,file:///Users/alexcheng/Downloads/us.sitesucker.mac.sitesucker/www.basketball-reference.com/players/m/morrima03.html
Active,Marcus Smart,PG,smartma01,file:///Users/alexcheng/Downloads/us.sitesucker.mac.sitesucker/www.basketball-reference.com/players/s/smartma01.html
Active,Marcus Thornton,SG,thornma01,file:///Users/alexcheng/Downloads/us.sitesucker.mac.sitesucker/www.basketball-reference.com/players/t/thornma01.html
Inactive,Mario Chalmers,PG,chalmma01,file:///Users/alexcheng/Downloads/us.sitesucker.mac.sitesucker/www.basketball-reference.com/players/c/chalmma01.html
Active,Mario Hezonja,SF,hezonma01,file:///Users/alexcheng/Downloads/us.sitesucker.mac.sitesucker/www.basketball-reference.com/players/h/hezonma01.html
Inactive,Markel Brown,SG,brownma02,file:///Users/alexcheng/Downloads/us.sitesucker.mac.sitesucker/www.basketball-reference.com/players/b/brownma02.html
Active,Markieff Morris,PF,morrima02,file:///Users/alexcheng/Downloads/us.sitesucker.mac.sitesucker/www.basketball-reference.com/players/m/morrima02.html
Active,Marquese Chriss,PF,chrisma01,file:///Users/alexcheng/Downloads/us.sitesucker.mac.sitesucker/www.basketball-reference.com/players/c/chrisma01.html
Active,Marreese Speights,C,speigma01,file:///Users/alexcheng/Downloads/us.sitesucker.mac.sitesucker/www.basketball-reference.com/players/s/speigma01.html
Active,Marshall Plumlee,C,plumlma02,file:///Users/alexcheng/Downloads/us.sitesucker.mac.sitesucker/www.basketball-reference.com/players/p/plumlma02.html
Inactive,Martell Webster,SF,webstma02,file:///Users/alexcheng/Downloads/us.sitesucker.mac.sitesucker/www.basketball-reference.com/players/w/webstma02.html
Active,Marvin Williams,PF,willima02,file:///Users/alexcheng/Downloads/us.sitesucker.mac.sitesucker/www.basketball-reference.com/players/w/willima02.html
Active,Mason Plumlee,C,plumlma01,file:///Users/alexcheng/Downloads/us.sitesucker.mac.sitesucker/www.basketball-reference.com/players/p/plumlma01.html
Active,Matt Barnes,SF,barnema02,file:///Users/alexcheng/Downloads/us.sitesucker.mac.sitesucker/www.basketball-reference.com/players/b/barnema02.html
Inactive,Matt Bonner,PF,bonnema01,file:///Users/alexcheng/Downloads/us.sitesucker.mac.sitesucker/www.basketball-reference.com/players/b/bonnema01.html
Active,Matthew Dellavedova,PG,dellama01,file:///Users/alexcheng/Downloads/us.sitesucker.mac.sitesucker/www.basketball-reference.com/players/d/dellama01.html
Active,Maurice Harkless,SF,harklma01,file:///Users/alexcheng/Downloads/us.sitesucker.mac.sitesucker/www.basketball-reference.com/players/h/harklma01.html
Active,Maurice Ndour,PF,ndourma01,file:///Users/alexcheng/Downloads/us.sitesucker.mac.sitesucker/www.basketball-reference.com/players/n/ndourma01.html
Active,Metta World Peace,SF,artesro01,file:///Users/alexcheng/Downloads/us.sitesucker.mac.sitesucker/www.basketball-reference.com/players/a/artesro01.html
Active,Meyers Leonard,PF,leoname01,file:///Users/alexcheng/Downloads/us.sitesucker.mac.sitesucker/www.basketball-reference.com/players/l/leoname01.html
Active,Michael Beasley,PF,beaslmi01,file:///Users/alexcheng/Downloads/us.sitesucker.mac.sitesucker/www.basketball-reference.com/players/b/beaslmi01.html
Active,Michael Carter-Williams,PG,cartemi01,file:///Users/alexcheng/Downloads/us.sitesucker.mac.sitesucker/www.basketball-reference.com/players/c/cartemi01.html
Active,Michael Gbinije,SG,gbinimi01,file:///Users/alexcheng/Downloads/us.sitesucker.mac.sitesucker/www.basketball-reference.com/players/g/gbinimi01.html
Active,Michael Kidd-Gilchrist,SF,kiddgmi01,file:///Users/alexcheng/Downloads/us.sitesucker.mac.sitesucker/www.basketball-reference.com/players/k/kiddgmi01.html
Active,Mike Conley,PG,conlemi01,file:///Users/alexcheng/Downloads/us.sitesucker.mac.sitesucker/www.basketball-reference.com/players/c/conlemi01.html
Active,Mike Dunleavy,SF,dunlemi02,file:///Users/alexcheng/Downloads/us.sitesucker.mac.sitesucker/www.basketball-reference.com/players/d/dunlemi02.html
Active,Mike Miller,SF,millemi01,file:///Users/alexcheng/Downloads/us.sitesucker.mac.sitesucker/www.basketball-reference.com/players/m/millemi01.html
Active,Mike Muscala,C,muscami01,file:///Users/alexcheng/Downloads/us.sitesucker.mac.sitesucker/www.basketball-reference.com/players/m/muscami01.html
Active,Mike Scott,PF,scottmi01,file:///Users/alexcheng/Downloads/us.sitesucker.mac.sitesucker/www.basketball-reference.com/players/s/scottmi01.html
Active,Mike Tobey,C,tobeymi01,file:///Users/alexcheng/Downloads/us.sitesucker.mac.sitesucker/www.basketball-reference.com/players/t/tobeymi01.html
Active,Miles Plumlee,C,plumlmi01,file:///Users/alexcheng/Downloads/us.sitesucker.mac.sitesucker/www.basketball-reference.com/players/p/plumlmi01.html
Active,Mindaugas Kuzminskas,SF,kuzmimi01,file:///Users/alexcheng/Downloads/us.sitesucker.mac.sitesucker/www.basketball-reference.com/players/k/kuzmimi01.html
Inactive,Miroslav Raduljica,C,radulmi01,file:///Users/alexcheng/Downloads/us.sitesucker.mac.sitesucker/www.basketball-reference.com/players/r/radulmi01.html
Active,Mirza Teletovic,PF,teletmi01,file:///Users/alexcheng/Downloads/us.sitesucker.mac.sitesucker/www.basketball-reference.com/players/t/teletmi01.html
Inactive,Mitch McGary,PF,mcgarmi01,file:///Users/alexcheng/Downloads/us.sitesucker.mac.sitesucker/www.basketball-reference.com/players/m/mcgarmi01.html
Inactive,Mo Williams,PG,willima01,file:///Users/alexcheng/Downloads/us.sitesucker.mac.sitesucker/www.basketball-reference.com/players/w/willima01.html
Active,Monta Ellis,SG,ellismo01,file:///Users/alexcheng/Downloads/us.sitesucker.mac.sitesucker/www.basketball-reference.com/players/e/ellismo01.html
Active,Montrezl Harrell,PF,harremo01,file:///Users/alexcheng/Downloads/us.sitesucker.mac.sitesucker/www.basketball-reference.com/players/h/harremo01.html
Active,Myles Turner,C,turnemy01,file:///Users/alexcheng/Downloads/us.sitesucker.mac.sitesucker/www.basketball-reference.com/players/t/turnemy01.html
Inactive,Nate Robinson,PG,robinna01,file:///Users/alexcheng/Downloads/us.sitesucker.mac.sitesucker/www.basketball-reference.com/players/r/robinna01.html
Inactive,Nate Wolters,PG,woltena01,file:///Users/alexcheng/Downloads/us.sitesucker.mac.sitesucker/www.basketball-reference.com/players/w/woltena01.html
Inactive,Nazr Mohammed,C,mohamna01,file:///Users/alexcheng/Downloads/us.sitesucker.mac.sitesucker/www.basketball-reference.com/players/m/mohamna01.html
Active,Nemanja Bjelica,PF,bjeline01,file:///Users/alexcheng/Downloads/us.sitesucker.mac.sitesucker/www.basketball-reference.com/players/b/bjeline01.html
Active,Nene Hilario,C,hilarne01,file:///Users/alexcheng/Downloads/us.sitesucker.mac.sitesucker/www.basketball-reference.com/players/h/hilarne01.html
Active,Nerlens Noel,C,noelne01,file:///Users/alexcheng/Downloads/us.sitesucker.mac.sitesucker/www.basketball-reference.com/players/n/noelne01.html
Inactive,Nick Calathes,SG,calatni01,file:///Users/alexcheng/Downloads/us.sitesucker.mac.sitesucker/www.basketball-reference.com/players/c/calatni01.html
Active,Nick Collison,PF,collini01,file:///Users/alexcheng/Downloads/us.sitesucker.mac.sitesucker/www.basketball-reference.com/players/c/collini01.html
Inactive,Nick Johnson,SG,johnsni01,file:///Users/alexcheng/Downloads/us.sitesucker.mac.sitesucker/www.basketball-reference.com/players/j/johnsni01.html
Active,Nick Young,SG,youngni01,file:///Users/alexcheng/Downloads/us.sitesucker.mac.sitesucker/www.basketball-reference.com/players/y/youngni01.html
Active,Nicolas Batum,SG,batumni01,file:///Users/alexcheng/Downloads/us.sitesucker.mac.sitesucker/www.basketball-reference.com/players/b/batumni01.html
Active,Nicolas Brussino,SF,brussni01,file:///Users/alexcheng/Downloads/us.sitesucker.mac.sitesucker/www.basketball-reference.com/players/b/brussni01.html
Active,Nicolas Laprovittola,PG,laproni01,file:///Users/alexcheng/Downloads/us.sitesucker.mac.sitesucker/www.basketball-reference.com/players/l/laproni01.html
Active,Nik Stauskas,SG,stausni01,file:///Users/alexcheng/Downloads/us.sitesucker.mac.sitesucker/www.basketball-reference.com/players/s/stausni01.html
Active,Nikola Jokic,C,jokicni01,file:///Users/alexcheng/Downloads/us.sitesucker.mac.sitesucker/www.basketball-reference.com/players/j/jokicni01.html
Active,Nikola Mirotic,PF,mirotni01,file:///Users/alexcheng/Downloads/us.sitesucker.mac.sitesucker/www.basketball-reference.com/players/m/mirotni01.html
Inactive,Nikola Pekovic,C,pekovni01,file:///Users/alexcheng/Downloads/us.sitesucker.mac.sitesucker/www.basketball-reference.com/players/p/pekovni01.html
Active,Nikola Vucevic,C,vucevni01,file:///Users/alexcheng/Downloads/us.sitesucker.mac.sitesucker/www.basketball-reference.com/players/v/vucevni01.html
Active,Noah Vonleh,PF,vonleno01,file:///Users/alexcheng/Downloads/us.sitesucker.mac.sitesucker/www.basketball-reference.com/players/v/vonleno01.html
Active,Norman Powell,SG,powelno01,file:///Users/alexcheng/Downloads/us.sitesucker.mac.sitesucker/www.basketball-reference.com/players/p/powelno01.html
Inactive,Norris Cole,PG,coleno01,file:///Users/alexcheng/Downloads/us.sitesucker.mac.sitesucker/www.basketball-reference.com/players/c/coleno01.html
Inactive,O.J. Mayo,SG,mayooj01,file:///Users/alexcheng/Downloads/us.sitesucker.mac.sitesucker/www.basketball-reference.com/players/m/mayooj01.html
Inactive,Ognjen Kuzmic,C,kuzmiog01,file:///Users/alexcheng/Downloads/us.sitesucker.mac.sitesucker/www.basketball-reference.com/players/k/kuzmiog01.html
Active,Okaro White,PF,whiteok01,file:///Users/alexcheng/Downloads/us.sitesucker.mac.sitesucker/www.basketball-reference.com/players/w/whiteok01.html
Active,Omer Asik,C,asikom01,file:///Users/alexcheng/Downloads/us.sitesucker.mac.sitesucker/www.basketball-reference.com/players/a/asikom01.html
Active,Omri Casspi,SF,casspom01,file:///Users/alexcheng/Downloads/us.sitesucker.mac.sitesucker/www.basketball-reference.com/players/c/casspom01.html
Inactive,Orlando Johnson,SG,johnsor01,file:///Users/alexcheng/Downloads/us.sitesucker.mac.sitesucker/www.basketball-reference.com/players/j/johnsor01.html
Active,Otto Porter,SF,porteot01,file:///Users/alexcheng/Downloads/us.sitesucker.mac.sitesucker/www.basketball-reference.com/players/p/porteot01.html
Inactive,P.J. Hairston,SG,hairspj02,file:///Users/alexcheng/Downloads/us.sitesucker.mac.sitesucker/www.basketball-reference.com/players/h/hairspj02.html
Active,P.J. Tucker,SF,tuckepj01,file:///Users/alexcheng/Downloads/us.sitesucker.mac.sitesucker/www.basketball-reference.com/players/t/tuckepj01.html
Inactive,Pablo Prigioni,PG,prigipa01,file:///Users/alexcheng/Downloads/us.sitesucker.mac.sitesucker/www.basketball-reference.com/players/p/prigipa01.html
Active,Pascal Siakam,PF,siakapa01,file:///Users/alexcheng/Downloads/us.sitesucker.mac.sitesucker/www.basketball-reference.com/players/s/siakapa01.html
Active,Pat Connaughton,SG,connapa01,file:///Users/alexcheng/Downloads/us.sitesucker.mac.sitesucker/www.basketball-reference.com/players/c/connapa01.html
Active,Patrick Beverley,SG,beverpa01,file:///Users/alexcheng/Downloads/us.sitesucker.mac.sitesucker/www.basketball-reference.com/players/b/beverpa01.html
Inactive,Patrick Christopher,SG,chrispa01,file:///Users/alexcheng/Downloads/us.sitesucker.mac.sitesucker/www.basketball-reference.com/players/c/chrispa01.html
Active,Patrick McCaw,SG,mccawpa01,file:///Users/alexcheng/Downloads/us.sitesucker.mac.sitesucker/www.basketball-reference.com/players/m/mccawpa01.html
Active,Patrick Patterson,PF,pattepa01,file:///Users/alexcheng/Downloads/us.sitesucker.mac.sitesucker/www.basketball-reference.com/players/p/pattepa01.html
Active,Patty Mills,PG,millspa02,file:///Users/alexcheng/Downloads/us.sitesucker.mac.sitesucker/www.basketball-reference.com/players/m/millspa02.html
Active,Pau Gasol,C,gasolpa01,file:///Users/alexcheng/Downloads/us.sitesucker.mac.sitesucker/www.basketball-reference.com/players/g/gasolpa01.html
Active,Paul George,SF,georgpa01,file:///Users/alexcheng/Downloads/us.sitesucker.mac.sitesucker/www.basketball-reference.com/players/g/georgpa01.html
Active,Paul Millsap,PF,millspa01,file:///Users/alexcheng/Downloads/us.sitesucker.mac.sitesucker/www.basketball-reference.com/players/m/millspa01.html
Active,Paul Pierce,SF,piercpa01,file:///Users/alexcheng/Downloads/us.sitesucker.mac.sitesucker/www.basketball-reference.com/players/p/piercpa01.html
Active,Paul Zipser,SF,zipsepa01,file:///Users/alexcheng/Downloads/us.sitesucker.mac.sitesucker/www.basketball-reference.com/players/z/zipsepa01.html
Inactive,Pero Antic,C,anticpe01,file:///Users/alexcheng/Downloads/us.sitesucker.mac.sitesucker/www.basketball-reference.com/players/a/anticpe01.html
Inactive,Perry Jones,SF,jonespe01,file:///Users/alexcheng/Downloads/us.sitesucker.mac.sitesucker/www.basketball-reference.com/players/j/jonespe01.html
Inactive,Phil Pressey,PG,pressph01,file:///Users/alexcheng/Downloads/us.sitesucker.mac.sitesucker/www.basketball-reference.com/players/p/pressph01.html
Active,Pierre Jackson,PG,jackspi01,file:///Users/alexcheng/Downloads/us.sitesucker.mac.sitesucker/www.basketball-reference.com/players/j/jackspi01.html
Active,Quincy Acy,PF,acyqu01,file:///Users/alexcheng/Downloads/us.sitesucker.mac.sitesucker/www.basketball-reference.com/players/a/acyqu01.html
Inactive,Quincy Miller,PF,millequ01,file:///Users/alexcheng/Downloads/us.sitesucker.mac.sitesucker/www.basketball-reference.com/players/m/millequ01.html
Inactive,Quincy Pondexter,SF,pondequ01,file:///Users/alexcheng/Downloads/us.sitesucker.mac.sitesucker/www.basketball-reference.com/players/p/pondequ01.html
Active,R.J. Hunter,SG,hunterj01,file:///Users/alexcheng/Downloads/us.sitesucker.mac.sitesucker/www.basketball-reference.com/players/h/hunterj01.html
Active,Rajon Rondo,PG,rondora01,file:///Users/alexcheng/Downloads/us.sitesucker.mac.sitesucker/www.basketball-reference.com/players/r/rondora01.html
Active,Rakeem Christmas,PF,chrisra01,file:///Users/alexcheng/Downloads/us.sitesucker.mac.sitesucker/www.basketball-reference.com/players/c/chrisra01.html
Active,Ramon Sessions,PG,sessira01,file:///Users/alexcheng/Downloads/us.sitesucker.mac.sitesucker/www.basketball-reference.com/players/s/sessira01.html
Active,Randy Foye,SG,foyera01,file:///Users/alexcheng/Downloads/us.sitesucker.mac.sitesucker/www.basketball-reference.com/players/f/foyera01.html
Active,Rashad Vaughn,SG,vaughra01,file:///Users/alexcheng/Downloads/us.sitesucker.mac.sitesucker/www.basketball-reference.com/players/v/vaughra01.html
Inactive,Rasual Butler,SF,butlera01,file:///Users/alexcheng/Downloads/us.sitesucker.mac.sitesucker/www.basketball-reference.com/players/b/butlera01.html
Active,Raul Neto,PG,netora01,file:///Users/alexcheng/Downloads/us.sitesucker.mac.sitesucker/www.basketball-reference.com/players/n/netora01.html
Inactive,Ray McCallum,PG,mccalra01,file:///Users/alexcheng/Downloads/us.sitesucker.mac.sitesucker/www.basketball-reference.com/players/m/mccalra01.html
Active,Raymond Felton,PG,feltora01,file:///Users/alexcheng/Downloads/us.sitesucker.mac.sitesucker/www.basketball-reference.com/players/f/feltora01.html
Active,Reggie Bullock,SF,bullore01,file:///Users/alexcheng/Downloads/us.sitesucker.mac.sitesucker/www.basketball-reference.com/players/b/bullore01.html
Inactive,Reggie Evans,PF,evansre01,file:///Users/alexcheng/Downloads/us.sitesucker.mac.sitesucker/www.basketball-reference.com/players/e/evansre01.html
Active,Reggie Jackson,PG,jacksre01,file:///Users/alexcheng/Downloads/us.sitesucker.mac.sitesucker/www.basketball-reference.com/players/j/jacksre01.html
Active,Reggie Williams,SF,willire02,file:///Users/alexcheng/Downloads/us.sitesucker.mac.sitesucker/www.basketball-reference.com/players/w/willire02.html
Active,Richard Jefferson,SF,jefferi01,file:///Users/alexcheng/Downloads/us.sitesucker.mac.sitesucker/www.basketball-reference.com/players/j/jefferi01.html
Active,Richaun Holmes,C,holmeri01,file:///Users/alexcheng/Downloads/us.sitesucker.mac.sitesucker/www.basketball-reference.com/players/h/holmeri01.html
Inactive,Ricky Ledo,SG,ledori01,file:///Users/alexcheng/Downloads/us.sitesucker.mac.sitesucker/www.basketball-reference.com/players/l/ledori01.html
Active,Ricky Rubio,PG,rubiori01,file:///Users/alexcheng/Downloads/us.sitesucker.mac.sitesucker/www.basketball-reference.com/players/r/rubiori01.html
Inactive,Robbie Hummel,SF,hummero01,file:///Users/alexcheng/Downloads/us.sitesucker.mac.sitesucker/www.basketball-reference.com/players/h/hummero01.html
Active,Robert Covington,SF,covinro01,file:///Users/alexcheng/Downloads/us.sitesucker.mac.sitesucker/www.basketball-reference.com/players/c/covinro01.html
Inactive,Robert Sacre,C,sacrero01,file:///Users/alexcheng/Downloads/us.sitesucker.mac.sitesucker/www.basketball-reference.com/players/s/sacrero01.html
Active,Robin Lopez,C,lopezro01,file:///Users/alexcheng/Downloads/us.sitesucker.mac.sitesucker/www.basketball-reference.com/players/l/lopezro01.html
Active,Rodney Hood,SG,hoodro01,file:///Users/alexcheng/Downloads/us.sitesucker.mac.sitesucker/www.basketball-reference.com/players/h/hoodro01.html
Active,Rodney McGruder,SG,mcgruro01,file:///Users/alexcheng/Downloads/us.sitesucker.mac.sitesucker/www.basketball-reference.com/players/m/mcgruro01.html
Active,Rodney Stuckey,PG,stuckro01,file:///Users/alexcheng/Downloads/us.sitesucker.mac.sitesucker/www.basketball-reference.com/players/s/stuckro01.html
Active,Ron Baker,SG,bakerro01,file:///Users/alexcheng/Downloads/us.sitesucker.mac.sitesucker/www.basketball-reference.com/players/b/bakerro01.html
Active,Rondae Hollis-Jefferson,SF,holliro01,file:///Users/alexcheng/Downloads/us.sitesucker.mac.sitesucker/www.basketball-reference.com/players/h/holliro01.html
Active,Ronnie Price,PG,pricero01,file:///Users/alexcheng/Downloads/us.sitesucker.mac.sitesucker/www.basketball-reference.com/players/p/pricero01.html
Inactive,Ronny Turiaf,C,turiaro01,file:///Users/alexcheng/Downloads/us.sitesucker.mac.sitesucker/www.basketball-reference.com/players/t/turiaro01.html
Active,Roy Hibbert,C,hibbero01,file:///Users/alexcheng/Downloads/us.sitesucker.mac.sitesucker/www.basketball-reference.com/players/h/hibbero01.html
Active,Rudy Gay,SF,gayru01,file:///Users/alexcheng/Downloads/us.sitesucker.mac.sitesucker/www.basketball-reference.com/players/g/gayru01.html
Active,Rudy Gobert,C,goberru01,file:///Users/alexcheng/Downloads/us.sitesucker.mac.sitesucker/www.basketball-reference.com/players/g/goberru01.html
Inactive,Russ Smith,PG,smithru01,file:///Users/alexcheng/Downloads/us.sitesucker.mac.sitesucker/www.basketball-reference.com/players/s/smithru01.html
Active,Russell Westbrook,PG,westbru01,file:///Users/alexcheng/Downloads/us.sitesucker.mac.sitesucker/www.basketball-reference.com/players/w/westbru01.html
Active,Ryan Anderson,PF,anderry01,file:///Users/alexcheng/Downloads/us.sitesucker.mac.sitesucker/www.basketball-reference.com/players/a/anderry01.html
Inactive,Ryan Hollins,C,holliry01,file:///Users/alexcheng/Downloads/us.sitesucker.mac.sitesucker/www.basketball-reference.com/players/h/holliry01.html
Active,Ryan Kelly,PF,kellyry01,file:///Users/alexcheng/Downloads/us.sitesucker.mac.sitesucker/www.basketball-reference.com/players/k/kellyry01.html
Active,Salah Mejri,C,mejrisa01,file:///Users/alexcheng/Downloads/us.sitesucker.mac.sitesucker/www.basketball-reference.com/players/m/mejrisa01.html
Active,Sam Dekker,SF,dekkesa01,file:///Users/alexcheng/Downloads/us.sitesucker.mac.sitesucker/www.basketball-reference.com/players/d/dekkesa01.html
Inactive,Samuel Dalembert,C,dalemsa01,file:///Users/alexcheng/Downloads/us.sitesucker.mac.sitesucker/www.basketball-reference.com/players/d/dalemsa01.html
Inactive,Sasha Kaun,C,kaunsa01,file:///Users/alexcheng/Downloads/us.sitesucker.mac.sitesucker/www.basketball-reference.com/players/k/kaunsa01.html
Active,Sasha Vujacic,SG,vujacsa01,file:///Users/alexcheng/Downloads/us.sitesucker.mac.sitesucker/www.basketball-reference.com/players/v/vujacsa01.html
Active,Sean Kilpatrick,SG,kilpase01,file:///Users/alexcheng/Downloads/us.sitesucker.mac.sitesucker/www.basketball-reference.com/players/k/kilpase01.html
Inactive,Sebastian Telfair,PG,telfase01,file:///Users/alexcheng/Downloads/us.sitesucker.mac.sitesucker/www.basketball-reference.com/players/t/telfase01.html
Active,Semaj Christon,PG,chrisse01,file:///Users/alexcheng/Downloads/us.sitesucker.mac.sitesucker/www.basketball-reference.com/players/c/chrisse01.html
Active,Serge Ibaka,PF,ibakase01,file:///Users/alexcheng/Downloads/us.sitesucker.mac.sitesucker/www.basketball-reference.com/players/i/ibakase01.html
Inactive,Sergey Karasev,SG,karasse01,file:///Users/alexcheng/Downloads/us.sitesucker.mac.sitesucker/www.basketball-reference.com/players/k/karasse01.html
Active,Sergio Rodriguez,PG,rodrise01,file:///Users/alexcheng/Downloads/us.sitesucker.mac.sitesucker/www.basketball-reference.com/players/r/rodrise01.html
Active,Seth Curry,PG,curryse01,file:///Users/alexcheng/Downloads/us.sitesucker.mac.sitesucker/www.basketball-reference.com/players/c/curryse01.html
Active,Shabazz Muhammad,SF,muhamsh01,file:///Users/alexcheng/Downloads/us.sitesucker.mac.sitesucker/www.basketball-reference.com/players/m/muhamsh01.html
Active,Shabazz Napier,PG,napiesh01,file:///Users/alexcheng/Downloads/us.sitesucker.mac.sitesucker/www.basketball-reference.com/players/n/napiesh01.html
Inactive,Shane Larkin,PG,larkish01,file:///Users/alexcheng/Downloads/us.sitesucker.mac.sitesucker/www.basketball-reference.com/players/l/larkish01.html
Inactive,Shannon Brown,SG,brownsh01,file:///Users/alexcheng/Downloads/us.sitesucker.mac.sitesucker/www.basketball-reference.com/players/b/brownsh01.html
Active,Shaun Livingston,PG,livinsh01,file:///Users/alexcheng/Downloads/us.sitesucker.mac.sitesucker/www.basketball-reference.com/players/l/livinsh01.html
Inactive,Shavlik Randolph,PF,randosh01,file:///Users/alexcheng/Downloads/us.sitesucker.mac.sitesucker/www.basketball-reference.com/players/r/randosh01.html
Inactive,Shawn Marion,SF,mariosh01,file:///Users/alexcheng/Downloads/us.sitesucker.mac.sitesucker/www.basketball-reference.com/players/m/mariosh01.html
Inactive,Shawne Williams,SF,willish03,file:///Users/alexcheng/Downloads/us.sitesucker.mac.sitesucker/www.basketball-reference.com/players/w/willish03.html
Inactive,Shayne Whittington,PF,whittsh01,file:///Users/alexcheng/Downloads/us.sitesucker.mac.sitesucker/www.basketball-reference.com/players/w/whittsh01.html
Active,Sheldon McClellan,SG,mcclesh01,file:///Users/alexcheng/Downloads/us.sitesucker.mac.sitesucker/www.basketball-reference.com/players/m/mcclesh01.html
Active,Shelvin Mack,PG,macksh01,file:///Users/alexcheng/Downloads/us.sitesucker.mac.sitesucker/www.basketball-reference.com/players/m/macksh01.html
Inactive,Sim Bhullar,C,bhullsi01,file:///Users/alexcheng/Downloads/us.sitesucker.mac.sitesucker/www.basketball-reference.com/players/b/bhullsi01.html
Active,Skal Labissiere,PF,labissk01,file:///Users/alexcheng/Downloads/us.sitesucker.mac.sitesucker/www.basketball-reference.com/players/l/labissk01.html
Active,Solomon Hill,SF,hillso01,file:///Users/alexcheng/Downloads/us.sitesucker.mac.sitesucker/www.basketball-reference.com/players/h/hillso01.html
Inactive,Sonny Weems,SG-SF,weemsso01,file:///Users/alexcheng/Downloads/us.sitesucker.mac.sitesucker/www.basketball-reference.com/players/w/weemsso01.html
Active,Spencer Dinwiddie,PG,dinwisp01,file:///Users/alexcheng/Downloads/us.sitesucker.mac.sitesucker/www.basketball-reference.com/players/d/dinwisp01.html
Active,Spencer Hawes,PF,hawessp01,file:///Users/alexcheng/Downloads/us.sitesucker.mac.sitesucker/www.basketball-reference.com/players/h/hawessp01.html
Active,Stanley Johnson,SF,johnsst04,file:///Users/alexcheng/Downloads/us.sitesucker.mac.sitesucker/www.basketball-reference.com/players/j/johnsst04.html
Active,Stephen Curry,PG,curryst01,file:///Users/alexcheng/Downloads/us.sitesucker.mac.sitesucker/www.basketball-reference.com/players/c/curryst01.html
Active,Stephen Zimmerman,C,zimmest01,file:///Users/alexcheng/Downloads/us.sitesucker.mac.sitesucker/www.basketball-reference.com/players/z/zimmest01.html
Inactive,Steve Blake,PG,blakest01,file:///Users/alexcheng/Downloads/us.sitesucker.mac.sitesucker/www.basketball-reference.com/players/b/blakest01.html
Active,Steve Novak,PF,novakst01,file:///Users/alexcheng/Downloads/us.sitesucker.mac.sitesucker/www.basketball-reference.com/players/n/novakst01.html
Active,Steven Adams,C,adamsst01,file:///Users/alexcheng/Downloads/us.sitesucker.mac.sitesucker/www.basketball-reference.com/players/a/adamsst01.html
Active,T.J. McConnell,PG,mccontj01,file:///Users/alexcheng/Downloads/us.sitesucker.mac.sitesucker/www.basketball-reference.com/players/m/mccontj01.html
Active,T.J. Warren,SF,warretj01,file:///Users/alexcheng/Downloads/us.sitesucker.mac.sitesucker/www.basketball-reference.com/players/w/warretj01.html
Active,Taj Gibson,PF,gibsota01,file:///Users/alexcheng/Downloads/us.sitesucker.mac.sitesucker/www.basketball-reference.com/players/g/gibsota01.html
Active,Tarik Black,C,blackta01,file:///Users/alexcheng/Downloads/us.sitesucker.mac.sitesucker/www.basketball-reference.com/players/b/blackta01.html
Active,Taurean Waller-Prince,SF,princta02,file:///Users/alexcheng/Downloads/us.sitesucker.mac.sitesucker/www.basketball-reference.com/players/p/princta02.html
Inactive,Tayshaun Prince,SF,princta01,file:///Users/alexcheng/Downloads/us.sitesucker.mac.sitesucker/www.basketball-reference.com/players/p/princta01.html
Active,Terrence Jones,PF,joneste01,file:///Users/alexcheng/Downloads/us.sitesucker.mac.sitesucker/www.basketball-reference.com/players/j/joneste01.html
Active,Terrence Ross,SF,rosste01,file:///Users/alexcheng/Downloads/us.sitesucker.mac.sitesucker/www.basketball-reference.com/players/r/rosste01.html
Active,Terry Rozier,PG,roziete01,file:///Users/alexcheng/Downloads/us.sitesucker.mac.sitesucker/www.basketball-reference.com/players/r/roziete01.html
Active,Thabo Sefolosha,SF,sefolth01,file:///Users/alexcheng/Downloads/us.sitesucker.mac.sitesucker/www.basketball-reference.com/players/s/sefolth01.html
Active,Thaddeus Young,PF,youngth01,file:///Users/alexcheng/Downloads/us.sitesucker.mac.sitesucker/www.basketball-reference.com/players/y/youngth01.html
Inactive,Thanasis Antetokounmpo,SF,antetth01,file:///Users/alexcheng/Downloads/us.sitesucker.mac.sitesucker/www.basketball-reference.com/players/a/antetth01.html
Active,Thomas Robinson,PF,robinth01,file:///Users/alexcheng/Downloads/us.sitesucker.mac.sitesucker/www.basketball-reference.com/players/r/robinth01.html
Active,Thon Maker,PF,makerth01,file:///Users/alexcheng/Downloads/us.sitesucker.mac.sitesucker/www.basketball-reference.com/players/m/makerth01.html
Inactive,Tiago Splitter,C,splitti01,file:///Users/alexcheng/Downloads/us.sitesucker.mac.sitesucker/www.basketball-reference.com/players/s/splitti01.html
Inactive,Tibor Pleiss,C,pleisti01,file:///Users/alexcheng/Downloads/us.sitesucker.mac.sitesucker/www.basketball-reference.com/players/p/pleisti01.html
Inactive,Tim Duncan,C,duncati01,file:///Users/alexcheng/Downloads/us.sitesucker.mac.sitesucker/www.basketball-reference.com/players/d/duncati01.html
Active,Tim Frazier,PG,fraziti01,file:///Users/alexcheng/Downloads/us.sitesucker.mac.sitesucker/www.basketball-reference.com/players/f/fraziti01.html
Active,Tim Hardaway,SG,hardati02,file:///Users/alexcheng/Downloads/us.sitesucker.mac.sitesucker/www.basketball-reference.com/players/h/hardati02.html
Active,Tim Quarterman,SG,quartti01,file:///Users/alexcheng/Downloads/us.sitesucker.mac.sitesucker/www.basketball-reference.com/players/q/quartti01.html
Active,Timofey Mozgov,C,mozgoti01,file:///Users/alexcheng/Downloads/us.sitesucker.mac.sitesucker/www.basketball-reference.com/players/m/mozgoti01.html
Active,Timothe Luwawu-Cabarrot,SF,luwawti01,file:///Users/alexcheng/Downloads/us.sitesucker.mac.sitesucker/www.basketball-reference.com/players/l/luwawti01.html
Active,Tobias Harris,PF,harrito02,file:///Users/alexcheng/Downloads/us.sitesucker.mac.sitesucker/www.basketball-reference.com/players/h/harrito02.html
Active,Tomas Satoransky,SG,satorto01,file:///Users/alexcheng/Downloads/us.sitesucker.mac.sitesucker/www.basketball-reference.com/players/s/satorto01.html
Active,Toney Douglas,PG,douglto01,file:///Users/alexcheng/Downloads/us.sitesucker.mac.sitesucker/www.basketball-reference.com/players/d/douglto01.html
Active,Tony Allen,SG,allento01,file:///Users/alexcheng/Downloads/us.sitesucker.mac.sitesucker/www.basketball-reference.com/players/a/allento01.html
Active,Tony Parker,PG,parketo01,file:///Users/alexcheng/Downloads/us.sitesucker.mac.sitesucker/www.basketball-reference.com/players/p/parketo01.html
Active,Tony Snell,SG,snellto01,file:///Users/alexcheng/Downloads/us.sitesucker.mac.sitesucker/www.basketball-reference.com/players/s/snellto01.html
Inactive,Tony Wroten,PG,wroteto01,file:///Users/alexcheng/Downloads/us.sitesucker.mac.sitesucker/www.basketball-reference.com/players/w/wroteto01.html
Inactive,Toure' Murry,SG-PG,murryto01,file:///Users/alexcheng/Downloads/us.sitesucker.mac.sitesucker/www.basketball-reference.com/players/m/murryto01.html
Inactive,Travis Wear,SF,weartr01,file:///Users/alexcheng/Downloads/us.sitesucker.mac.sitesucker/www.basketball-reference.com/players/w/weartr01.html
Active,Treveon Graham,SG,grahatr01,file:///Users/alexcheng/Downloads/us.sitesucker.mac.sitesucker/www.basketball-reference.com/players/g/grahatr01.html
Active,Trevor Ariza,SF,arizatr01,file:///Users/alexcheng/Downloads/us.sitesucker.mac.sitesucker/www.basketball-reference.com/players/a/arizatr01.html
Active,Trevor Booker,PF,booketr01,file:///Users/alexcheng/Downloads/us.sitesucker.mac.sitesucker/www.basketball-reference.com/players/b/booketr01.html
Active,Trey Burke,PG,burketr01,file:///Users/alexcheng/Downloads/us.sitesucker.mac.sitesucker/www.basketball-reference.com/players/b/burketr01.html
Active,Trey Lyles,PF,lylestr01,file:///Users/alexcheng/Downloads/us.sitesucker.mac.sitesucker/www.basketball-reference.com/players/l/lylestr01.html
Active,Tristan Thompson,C,thomptr01,file:///Users/alexcheng/Downloads/us.sitesucker.mac.sitesucker/www.basketball-reference.com/players/t/thomptr01.html
Active,Troy Daniels,SG,danietr01,file:///Users/alexcheng/Downloads/us.sitesucker.mac.sitesucker/www.basketball-reference.com/players/d/danietr01.html
Active,Troy Williams,SF,willitr02,file:///Users/alexcheng/Downloads/us.sitesucker.mac.sitesucker/www.basketball-reference.com/players/w/willitr02.html
Active,Ty Lawson,PG,lawsoty01,file:///Users/alexcheng/Downloads/us.sitesucker.mac.sitesucker/www.basketball-reference.com/players/l/lawsoty01.html
Active,Tyler Ennis,PG,ennisty01,file:///Users/alexcheng/Downloads/us.sitesucker.mac.sitesucker/www.basketball-reference.com/players/e/ennisty01.html
Inactive,Tyler Hansbrough,PF,hansbty01,file:///Users/alexcheng/Downloads/us.sitesucker.mac.sitesucker/www.basketball-reference.com/players/h/hansbty01.html
Active,Tyler Johnson,PG,johnsty01,file:///Users/alexcheng/Downloads/us.sitesucker.mac.sitesucker/www.basketball-reference.com/players/j/johnsty01.html
Active,Tyler Ulis,PG,ulisty01,file:///Users/alexcheng/Downloads/us.sitesucker.mac.sitesucker/www.basketball-reference.com/players/u/ulisty01.html
Active,Tyler Zeller,C,zellety01,file:///Users/alexcheng/Downloads/us.sitesucker.mac.sitesucker/www.basketball-reference.com/players/z/zellety01.html
Active,Tyreke Evans,SG,evansty01,file:///Users/alexcheng/Downloads/us.sitesucker.mac.sitesucker/www.basketball-reference.com/players/e/evansty01.html
Inactive,Tyrus Thomas,PF,thomaty01,file:///Users/alexcheng/Downloads/us.sitesucker.mac.sitesucker/www.basketball-reference.com/players/t/thomaty01.html
Active,Tyson Chandler,C,chandty01,file:///Users/alexcheng/Downloads/us.sitesucker.mac.sitesucker/www.basketball-reference.com/players/c/chandty01.html
Active,Tyus Jones,PG,jonesty01,file:///Users/alexcheng/Downloads/us.sitesucker.mac.sitesucker/www.basketball-reference.com/players/j/jonesty01.html
Active,Udonis Haslem,C,hasleud01,file:///Users/alexcheng/Downloads/us.sitesucker.mac.sitesucker/www.basketball-reference.com/players/h/hasleud01.html
Inactive,Vander Blue,SG,blueva01,file:///Users/alexcheng/Downloads/us.sitesucker.mac.sitesucker/www.basketball-reference.com/players/b/blueva01.html
Inactive,Victor Claver,SF,clavevi01,file:///Users/alexcheng/Downloads/us.sitesucker.mac.sitesucker/www.basketball-reference.com/players/c/clavevi01.html
Active,Victor Oladipo,SG,oladivi01,file:///Users/alexcheng/Downloads/us.sitesucker.mac.sitesucker/www.basketball-reference.com/players/o/oladivi01.html
Active,Vince Carter,SG,cartevi01,file:///Users/alexcheng/Downloads/us.sitesucker.mac.sitesucker/www.basketball-reference.com/players/c/cartevi01.html
Active,Wade Baldwin,PG,baldwwa01,file:///Users/alexcheng/Downloads/us.sitesucker.mac.sitesucker/www.basketball-reference.com/players/b/baldwwa01.html
Active,Walter Tavares,C,tavarwa01,file:///Users/alexcheng/Downloads/us.sitesucker.mac.sitesucker/www.basketball-reference.com/players/t/tavarwa01.html
Active,Wayne Ellington,SG,ellinwa01,file:///Users/alexcheng/Downloads/us.sitesucker.mac.sitesucker/www.basketball-reference.com/players/e/ellinwa01.html
Active,Wesley Johnson,SF,johnswe01,file:///Users/alexcheng/Downloads/us.sitesucker.mac.sitesucker/www.basketball-reference.com/players/j/johnswe01.html
Active,Wesley Matthews,SG,matthwe02,file:///Users/alexcheng/Downloads/us.sitesucker.mac.sitesucker/www.basketball-reference.com/players/m/matthwe02.html
Active,Will Barton,SG,bartowi01,file:///Users/alexcheng/Downloads/us.sitesucker.mac.sitesucker/www.basketball-reference.com/players/b/bartowi01.html
Inactive,Will Bynum,SG,bynumwi01,file:///Users/alexcheng/Downloads/us.sitesucker.mac.sitesucker/www.basketball-reference.com/players/b/bynumwi01.html
Inactive,Will Cherry,PG,cherrwi01,file:///Users/alexcheng/Downloads/us.sitesucker.mac.sitesucker/www.basketball-reference.com/players/c/cherrwi01.html
Active,Willie Cauley-Stein,C,caulewi01,file:///Users/alexcheng/Downloads/us.sitesucker.mac.sitesucker/www.basketball-reference.com/players/c/caulewi01.html
Inactive,Willie Green,SG,greenwi01,file:///Users/alexcheng/Downloads/us.sitesucker.mac.sitesucker/www.basketball-reference.com/players/g/greenwi01.html
Active,Willie Reed,C,reedwi02,file:///Users/alexcheng/Downloads/us.sitesucker.mac.sitesucker/www.basketball-reference.com/players/r/reedwi02.html
Active,Willy Hernangomez,C,hernawi01,file:///Users/alexcheng/Downloads/us.sitesucker.mac.sitesucker/www.basketball-reference.com/players/h/hernawi01.html
Active,Wilson Chandler,SF,chandwi01,file:///Users/alexcheng/Downloads/us.sitesucker.mac.sitesucker/www.basketball-reference.com/players/c/chandwi01.html
Inactive,Xavier Henry,SF,henryxa01,file:///Users/alexcheng/Downloads/us.sitesucker.mac.sitesucker/www.basketball-reference.com/players/h/henryxa01.html
Inactive,Xavier Munford,SG,munfoxa02,file:///Users/alexcheng/Downloads/us.sitesucker.mac.sitesucker/www.basketball-reference.com/players/m/munfoxa02.html
Active,Yogi Ferrell,PG,ferreyo01,file:///Users/alexcheng/Downloads/us.sitesucker.mac.sitesucker/www.basketball-reference.com/players/f/ferreyo01.html
Active,Zach LaVine,SG,lavinza01,file:///Users/alexcheng/Downloads/us.sitesucker.mac.sitesucker/www.basketball-reference.com/players/l/lavinza01.html
Active,Zach Randolph,PF,randoza01,file:///Users/alexcheng/Downloads/us.sitesucker.mac.sitesucker/www.basketball-reference.com/players/r/randoza01.html
Active,Zaza Pachulia,C,pachuza01,file:///Users/alexcheng/Downloads/us.sitesucker.mac.sitesucker/www.basketball-reference.com/players/p/pachuza01.html
Inactive,Zoran Dragic,SG,dragizo01,file:///Users/alexcheng/Downloads/us.sitesucker.mac.sitesucker/www.basketball-reference.com/players/d/dragizo01.html