Season,Player,Pos,Player_ID,Age,G,MP,PER,TS%,3PAr,FTr,ORB%,DRB%,TRB%,AST%,STL%,BLK%,TOV%,USG%,OWS,DWS,WS,WS/48,OBPM,DBPM,BPM,VORP,url
2000-01,A.C. Green,PF,greenac01,37,82,1411,11.2,0.492,0.019,0.343,9,17.3,13.2,4.8,1.2,0.4,10.8,14.4,1.1,2.1,3.2,0.11,-3.2,0.2,-3,-0.3,http://www.basketball-reference.com/players/g/greenac01.html
2000-01,A.J. Guyton,PG,guytoaj01,22,33,630,10.3,0.495,0.359,0.094,1.8,5.1,3.4,18.1,0.8,0.6,10.7,16.5,0.4,-0.1,0.3,0.02,-1.5,-4.4,-5.9,-0.6,http://www.basketball-reference.com/players/g/guytoaj01.html
2000-01,Aaron McKie,SG,mckieaa01,28,76,2394,15.1,0.549,0.238,0.272,1.6,12.9,7.3,26.7,2.3,0.2,20.3,18.9,2.3,3.5,5.9,0.118,0.9,1,1.9,2.4,http://www.basketball-reference.com/players/m/mckieaa01.html
2000-01,Aaron Williams,PF,williaa01,29,82,2336,15.1,0.533,0.003,0.477,10.1,19.2,14.5,6.5,1.3,3.6,14.4,17.8,2.9,2.3,5.2,0.107,-1.5,0.9,-0.5,0.9,http://www.basketball-reference.com/players/w/williaa01.html
2000-01,Adam Keefe,PF,keefead01,30,67,836,9.7,0.45,0.019,0.396,10.5,16.4,13.3,6.5,1.7,1.7,17.6,11.5,0.1,0.5,0.6,0.032,-3.9,0.2,-3.7,-0.3,http://www.basketball-reference.com/players/k/keefead01.html
2000-01,Adonal Foyle,C,foylead01,25,58,1457,12.4,0.422,0,0.181,10.5,19.7,14.7,5.2,1.1,7.6,16.3,14,-0.8,1.5,0.7,0.022,-4.8,3.2,-1.6,0.2,http://www.basketball-reference.com/players/f/foylead01.html
2000-01,Adrian Griffin,SF,griffad01,26,44,377,10.5,0.432,0.268,0.247,8,19.4,13.5,11.7,2.5,1,14.3,15.1,0,0.5,0.4,0.056,-3.3,0.4,-2.9,-0.1,http://www.basketball-reference.com/players/g/griffad01.html
2000-01,Al Harrington,PF,harrial01,20,78,1892,10.2,0.479,0.013,0.289,7.4,15.2,11.4,11.8,1.8,0.7,19.5,18.8,-1,2.2,1.2,0.031,-3.2,0.7,-2.5,-0.2,http://www.basketball-reference.com/players/h/harrial01.html
2000-01,Alan Henderson,PF,hendeal01,28,73,1810,14,0.487,0.001,0.404,11,14,12.5,4.9,1.5,1.1,13.8,22.6,0.5,1.4,1.9,0.05,-2.1,-1.3,-3.4,-0.6,http://www.basketball-reference.com/players/h/hendeal01.html
2000-01,Allan Houston,SG,houstal01,29,78,2858,16.1,0.543,0.209,0.254,0.9,10.8,6,12,1,0.3,10.7,25.7,4.1,3.5,7.5,0.126,1.2,-0.9,0.3,1.6,http://www.basketball-reference.com/players/h/houstal01.html
2000-01,Allen Iverson*,SG,iversal01,25,71,2979,24,0.518,0.169,0.397,1.9,8.3,5.2,23,3.2,0.5,10,35.9,7.3,4.5,11.8,0.19,5,-0.1,4.8,5.1,http://www.basketball-reference.com/players/i/iversal01.html
2000-01,Alonzo Mourning*,C,mournal01,30,13,306,24.6,0.536,0.007,0.39,13.6,25.6,19.6,8.9,0.7,7.8,14.5,30.6,0.2,0.7,0.9,0.148,-1.9,2.4,0.5,0.2,http://www.basketball-reference.com/players/m/mournal01.html
2000-01,Alvin Williams,SG,willial02,26,82,2394,15.2,0.483,0.141,0.189,2.3,7.8,5,27.2,2.7,0.8,11,17.4,3.3,2.1,5.4,0.109,0.9,-0.3,0.6,1.6,http://www.basketball-reference.com/players/w/willial02.html
2000-01,Andre Miller,PG,millean02,24,82,2848,20.1,0.541,0.064,0.45,3.8,10.8,7.3,40.5,2.2,0.7,18.1,23.2,6.1,1.9,8,0.136,3.6,-0.6,2.9,3.5,http://www.basketball-reference.com/players/m/millean02.html
2000-01,Andrew DeClercq,C,declean01,27,67,903,12.8,0.57,0,0.425,10.9,18.3,14.5,5.6,2.3,2.7,18.2,13.7,1,1.4,2.5,0.132,-1.7,1.6,-0.2,0.4,http://www.basketball-reference.com/players/d/declean01.html
2000-01,Andy Panko,SF,pankoan01,23,1,1,0,,,,0,0,0,0,0,0,,0,0,0,0,-0.017,-6.3,0,-6.4,0,http://www.basketball-reference.com/players/p/pankoan01.html
2000-01,Anfernee Hardaway,SG,hardaan01,29,4,112,16.6,0.477,0.222,0.306,5,13.4,9.1,22,2.8,0.6,6.8,17.5,0.2,0.2,0.4,0.155,0.6,1.2,1.9,0.1,http://www.basketball-reference.com/players/h/hardaan01.html
2000-01,Antawn Jamison,SF,jamisan01,24,82,3394,19,0.499,0.113,0.295,8.1,14.8,11.2,9.5,1.7,0.6,8.9,27.9,5.4,1.3,6.7,0.094,2.1,-2.1,0,1.7,http://www.basketball-reference.com/players/j/jamisan01.html
2000-01,Anthony Carter,PG,cartean01,25,72,1630,11.3,0.439,0.083,0.215,3.4,9.8,6.6,29.5,2.5,0.5,18.5,19.2,-0.8,2.5,1.7,0.05,-2.8,0.7,-2.1,0,http://www.basketball-reference.com/players/c/cartean01.html
2000-01,Anthony Goldwire,PG,goldwan01,29,20,201,12.6,0.469,0.425,0.213,0.5,6,3.2,28,2.3,0,14.6,22.7,0,0.1,0.1,0.023,-0.9,-4.2,-5.1,-0.2,http://www.basketball-reference.com/players/g/goldwan01.html
2000-01,Anthony Johnson,PG,johnsan02,26,35.33333333,340.6666667,8.133333333,0.391,0.033333333,0.218,2.3,7.533333333,4.9,24.9,2.333333333,0.8,17,17.76666667,-0.366666667,0.233333333,-0.133333333,-0.019,-4.333333333,-1.433333333,-5.733333333,-0.333333333,http://www.basketball-reference.com/players/j/johnsan02.html
2000-01,Anthony Mason,PF,masonan01,34,80,3254,17.4,0.555,0,0.497,6.2,21.9,14.1,14.2,1.4,0.6,13.3,20,6,5.6,11.6,0.171,0.3,2.3,2.7,3.8,http://www.basketball-reference.com/players/m/masonan01.html
2000-01,Anthony Miller,PF,millean01,29,2,5.5,-0.15,0.5,0,0,0,14.45,7.175,0,0,0,33.3,8.625,0,0,0,-0.05675,-9.225,-2.275,-11.5,0,http://www.basketball-reference.com/players/m/millean01.html
2000-01,Anthony Peeler,SG,peelean01,31,75,2126,12.6,0.513,0.35,0.119,2.3,8,5.2,13.9,2.2,0.6,12,18.6,1.6,1.5,3.2,0.071,0.5,-1,-0.5,0.8,http://www.basketball-reference.com/players/p/peelean01.html
2000-01,Antoine Walker,PF,walkean02,24,81,3396,18.9,0.505,0.351,0.202,5,20.4,12.3,26.8,2.1,1.1,13.8,29.1,2.7,3.8,6.6,0.093,3.2,0.6,3.9,5,http://www.basketball-reference.com/players/w/walkean02.html
2000-01,Antonio Daniels,PG,daniean01,25,79,2060,15.5,0.567,0.311,0.265,1.5,7.2,4.5,24.9,1.6,0.5,14.2,17.5,4.1,2.4,6.6,0.153,2.1,-0.6,1.5,1.8,http://www.basketball-reference.com/players/d/daniean01.html
2000-01,Antonio Davis,C,davisan01,32,78,2729,16.5,0.508,0.001,0.488,11,21.7,16.2,6.2,0.4,3.9,11.4,19.5,4.2,3.1,7.2,0.127,-0.9,0.8,-0.1,1.3,http://www.basketball-reference.com/players/d/davisan01.html
2000-01,Antonio Harvey,PF,harvean01,30,12,72,17,0.506,0,0.214,8.6,14.4,11.6,9.6,0.7,6.2,8.9,21.7,0.1,0.1,0.2,0.135,-2.1,0.4,-1.6,0,http://www.basketball-reference.com/players/h/harvean01.html
2000-01,Antonio McDyess,PF,mcdyean01,26,70,2555,22,0.538,0,0.373,10.1,26.1,18,10.8,0.9,2.7,10.7,26.5,5.2,2.6,7.8,0.146,1,0.1,1.1,2,http://www.basketball-reference.com/players/m/mcdyean01.html
2000-01,Art Long,SF,longar01,28,9,20,-3.6,0,0,0.5,11.1,31.5,21.5,6.4,0,10,29.1,15.2,-0.1,0.1,-0.1,-0.214,-15.7,5.3,-10.4,0,http://www.basketball-reference.com/players/l/longar01.html
2000-01,Arvydas Sabonis*,C,sabonar01,36,61,1299,18.4,0.527,0.029,0.302,4.9,24.9,15.2,12.3,1.7,3.5,12.7,24,1.5,2.3,3.7,0.138,-1.7,1.4,-0.3,0.6,http://www.basketball-reference.com/players/s/sabonar01.html
2000-01,Austin Croshere,PF,croshau01,25,81,1874,14.3,0.512,0.295,0.33,7.7,15.5,11.7,8.8,1,1.9,14.5,23.4,1.2,2,3.2,0.082,-0.8,-1,-1.9,0.1,http://www.basketball-reference.com/players/c/croshau01.html
2000-01,Avery Johnson,PG,johnsav01,35,55,1290,11.5,0.475,0.02,0.2,1.9,5.3,3.7,29.5,1.4,0.2,15.5,14.1,1.3,1.3,2.6,0.098,-1.4,-1.3,-2.6,-0.2,http://www.basketball-reference.com/players/j/johnsav01.html
2000-01,Baron Davis,PG,davisba01,21,82,3192,16.6,0.512,0.286,0.352,4.6,9.9,7.3,32.5,2.9,0.8,17,19.2,4.2,4.7,8.9,0.134,2.2,1.1,3.3,4.3,http://www.basketball-reference.com/players/d/davisba01.html
2000-01,Ben Wallace,C,wallabe01,26,80,2760,14.8,0.47,0.009,0.542,11.5,29.6,20.4,6.8,2,4.8,17.7,10.4,1,6,7,0.121,-2.4,5.7,3.4,3.7,http://www.basketball-reference.com/players/w/wallabe01.html
2000-01,Bill Curley,PF,curlebi01,28,13.33333333,128,4.766666667,0.478,0.105333333,0.584333333,7.433333333,6.666666667,7.1,1.8,2.333333333,3.766666667,23.4,18.16666667,0.033333333,0.066666667,0.133333333,-0.069333333,-6.433333333,-0.233333333,-6.666666667,-0.033333333,http://www.basketball-reference.com/players/c/curlebi01.html
2000-01,Billy Owens,PF,owensbi01,31,45,793,10.5,0.4,0.087,0.174,11.1,16.7,13.8,11.1,2,1.1,13.6,15.7,-0.3,1.1,0.8,0.048,-2.7,1.6,-1.1,0.2,http://www.basketball-reference.com/players/o/owensbi01.html
2000-01,Bimbo Coles,PG,colesbi01,32,47,804,9.3,0.44,0.067,0.234,1.3,5.6,3.5,27.9,1.8,0.5,18.3,18.1,-0.3,0.3,0,0,-3.2,-2.9,-6.1,-0.8,http://www.basketball-reference.com/players/c/colesbi01.html
2000-01,Bo Outlaw,PF,outlabo01,29,80,2534,15.7,0.623,0.005,0.611,9,18.3,13.6,13.3,2.1,4,23.2,10.6,3.9,4,7.9,0.15,0.3,4.4,4.7,4.2,http://www.basketball-reference.com/players/o/outlabo01.html
2000-01,Bob Sura,SG,surabo01,27,53,1684,11.2,0.487,0.332,0.365,3.1,11.9,7.1,23.1,1.6,0.3,21,19.1,-0.3,0.4,0.1,0.003,-1.2,-1.5,-2.8,-0.3,http://www.basketball-reference.com/players/s/surabo01.html
2000-01,Bobby Jackson,PG,jacksbo01,27,79,1648,13.1,0.501,0.198,0.167,5,11,8,15.3,2.7,0.3,15.4,17.9,0.9,2.3,3.1,0.091,-0.8,0.8,0,0.8,http://www.basketball-reference.com/players/j/jacksbo01.html
2000-01,Bonzi Wells,SF,wellsbo01,24,75,1995,18.8,0.571,0.069,0.331,7.4,14.3,11,18.4,2.5,0.7,16.9,23.3,3.4,2.6,5.9,0.143,1.9,0.7,2.6,2.3,http://www.basketball-reference.com/players/w/wellsbo01.html
2000-01,Brad Miller,C,millebr01,24,57,1434,16.4,0.52,0.013,0.585,11.5,23.7,17.3,13.1,1.2,2,13.1,18.1,2.3,1.1,3.4,0.114,-0.7,0,-0.7,0.5,http://www.basketball-reference.com/players/m/millebr01.html
2000-01,Brent Barry,SG,barrybr01,29,67,1778,16.6,0.66,0.571,0.257,2.1,11.4,6.8,19.4,2.4,0.6,16.2,13.5,4.6,1.2,5.8,0.157,3.5,-0.3,3.2,2.3,http://www.basketball-reference.com/players/b/barrybr01.html
2000-01,Brent Price,PG,pricebr01,32,6,30,9.4,0.462,0.364,0.636,3.8,11.4,7.6,26.6,3.5,0,22.1,27.5,0,0,0,-0.003,-2.5,-1.3,-3.8,0,http://www.basketball-reference.com/players/p/pricebr01.html
2000-01,Brevin Knight,PG,knighbr01,25,35.33333333,971.3333333,10.63333333,0.365,0.018333333,0.249,1.6,10.03333333,5.8,35.03333333,3.533333333,0.4,21.63333333,14.13333333,0,1.1,1.066666667,0.028,-3.166666667,0.066666667,-3.1,0.266666667,http://www.basketball-reference.com/players/k/knighbr01.html
2000-01,Brian Cardinal,PF,cardibr01,23,15,126,4.7,0.398,0.161,0.581,6.7,13,9.8,3.6,2.8,1.1,18.8,16.5,-0.2,0.2,0,-0.009,-6,0.5,-5.5,-0.1,http://www.basketball-reference.com/players/c/cardibr01.html
2000-01,Brian Grant,C,grantbr01,28,82,2771,17.5,0.536,0.001,0.35,9.3,21.5,15.4,7.2,1.2,2,12.7,23.4,3.7,5,8.7,0.151,-1.2,1,-0.2,1.2,http://www.basketball-reference.com/players/g/grantbr01.html
2000-01,Brian Shaw,SG,shawbr01,34,80,1833,10.9,0.479,0.328,0.156,3,15.6,9.4,20.4,1.4,1,18.1,13.1,1.2,1.4,2.5,0.067,-1.2,-0.1,-1.3,0.3,http://www.basketball-reference.com/players/s/shawbr01.html
2000-01,Brian Skinner,PF,skinnbr01,24,39,584,10.4,0.428,0,0.366,11.1,21.5,16.5,5,1.3,1.3,14.6,17.3,-0.3,0.6,0.3,0.028,-4.3,-0.5,-4.8,-0.4,http://www.basketball-reference.com/players/s/skinnbr01.html
2000-01,Bruce Bowen,SF,bowenbr01,29,82,2685,8.1,0.478,0.528,0.277,2,8.8,5.4,8.2,1.7,1.5,10.2,13.1,0.5,3.7,4.2,0.075,-1.4,1.8,0.4,1.6,http://www.basketball-reference.com/players/b/bowenbr01.html
2000-01,Bruno Sundov,C,sundobr01,20,11,120,11,0.498,0.098,0.122,3.9,17.4,10.9,3.1,0.9,2.4,6.5,18,0.1,0.1,0.2,0.079,-4,-1.6,-5.6,-0.1,http://www.basketball-reference.com/players/s/sundobr01.html
2000-01,Bryant Reeves,C,reevebr01,27,75,1832,12.8,0.506,0.007,0.257,8.3,19.8,14.1,7.4,1.2,2,12.8,17.6,1.2,1.7,2.9,0.075,-2.5,0.5,-2,0,http://www.basketball-reference.com/players/r/reevebr01.html
2000-01,Bryant Stith,SG,stithbr01,30,78,2504,11.7,0.538,0.396,0.339,2.9,10.7,6.6,11.2,1.9,0.4,11.4,14.4,3.1,1.7,4.8,0.093,-0.1,-0.4,-0.5,1,http://www.basketball-reference.com/players/s/stithbr01.html
2000-01,Bryce Drew,PG,drewbr01,26,48,1305,7.9,0.45,0.321,0.058,1.1,5.4,3.1,24,1.3,0.2,16.9,14.4,-0.3,-0.1,-0.4,-0.015,-3,-3.8,-6.8,-1.6,http://www.basketball-reference.com/players/d/drewbr01.html
2000-01,Bryon Russell,SF,russebr01,30,78,2473,14.1,0.565,0.329,0.407,4.8,11.6,8.3,10.4,2.1,0.7,12,17.5,4.5,2.3,6.8,0.133,2.4,0.4,2.8,3,http://www.basketball-reference.com/players/r/russebr01.html
2000-01,Cal Bowdler,SF,bowdlca01,23,44,375,15.8,0.532,0.044,0.351,8.9,14.1,11.4,1.8,1.4,4,7.7,17,0.7,0.4,1,0.134,-2,-0.8,-2.8,-0.1,http://www.basketball-reference.com/players/b/bowdlca01.html
2000-01,Calbert Cheaney,SG,cheanca01,29,9,153,4.1,0.34,0,0.067,3.5,10.8,7.1,8.6,1.4,0.9,13.9,10.5,-0.2,0.1,-0.1,-0.035,-5.8,0.1,-5.7,-0.1,http://www.basketball-reference.com/players/c/cheanca01.html
2000-01,Calvin Booth,C,boothca01,24,36.66666667,622,16.56666667,0.520666667,0,0.323666667,9.466666667,20.46666667,14.93333333,7.9,1.7,8.3,15.46666667,16.6,0.4,0.966666667,1.4,0.118666667,-2.133333333,4.133333333,2.033333333,0.533333333,http://www.basketball-reference.com/players/b/boothca01.html
2000-01,Carlos Rogers,C,rogerca01,29,39,544,18.1,0.674,0.009,0.473,10.5,18.9,14.8,2.7,1,2.3,11.3,12.7,1.5,0.5,2,0.18,0.5,-0.6,-0.2,0.3,http://www.basketball-reference.com/players/r/rogerca01.html
2000-01,Cedric Ceballos,SF,cebalce01,31,26.66666667,372.6666667,14.93333333,0.520666667,0.363666667,0.179333333,6.566666667,14.5,10.5,7,1.566666667,1,11.3,23.2,0.366666667,0.533333333,0.9,0.108,-0.533333333,-1.566666667,-2.1,0,http://www.basketball-reference.com/players/c/cebalce01.html
2000-01,Cedric Henderson,SF,hendece02,25,55,961,6.2,0.416,0.031,0.176,2.3,8.5,5.4,13.2,1.6,1.7,18.2,16.2,-1.3,0.5,-0.7,-0.037,-4.8,-0.4,-5.2,-0.8,http://www.basketball-reference.com/players/h/hendece02.html
2000-01,Charles Oakley,PF,oaklech01,37,78,2767,11.6,0.439,0.062,0.193,5.6,25,15.1,14.6,1.4,1.2,14,16,0.2,3.5,3.7,0.065,-2.1,2.2,0,1.4,http://www.basketball-reference.com/players/o/oaklech01.html
2000-01,Charlie Ward,PG,wardch01,30,61,1492,14.5,0.536,0.469,0.188,2.7,10,6.4,31.1,2.6,0.5,21.7,16.9,1.5,2.4,3.9,0.127,1.1,0.7,1.9,1.4,http://www.basketball-reference.com/players/w/wardch01.html
2000-01,Chauncey Billups,SG,billuch01,24,77,1790,14.1,0.538,0.33,0.291,2,8.1,5,22.2,1.5,0.4,14.4,19.5,2.7,0.9,3.7,0.098,1,-2.4,-1.4,0.3,http://www.basketball-reference.com/players/b/billuch01.html
2000-01,Cherokee Parks,C,parksch02,28,43.33333333,702.6666667,12.7,0.514666667,0.015666667,0.240666667,8.033333333,17.2,12.63333333,7.066666667,1.4,2.933333333,13.8,14.4,0.6,0.666666667,1.266666667,0.081666667,-2.066666667,0.866666667,-1.2,0.133333333,http://www.basketball-reference.com/players/p/parksch02.html
2000-01,Chris Carr,SG,carrch01,26,35,309,16.3,0.611,0.33,0.536,4,13,8.3,6.7,0.7,0.7,12.1,23.1,0.8,0.2,0.9,0.142,0.2,-4.4,-4.2,-0.2,http://www.basketball-reference.com/players/c/carrch01.html
2000-01,Chris Childs,PG,childch01,33,51.33333333,1239.333333,8.966666667,0.490666667,0.325333333,0.213333333,1.6,11.2,6.466666667,30.1,1.8,0.666666667,30.2,13.6,-0.133333333,1.533333333,1.466666667,0.049333333,-2.566666667,0.133333333,-2.466666667,-0.066666667,http://www.basketball-reference.com/players/c/childch01.html
2000-01,Chris Crawford,PF,crawfch01,25,47,901,9.5,0.519,0.081,0.307,3.4,10.2,6.8,6.9,1.2,1.3,16.8,18.3,0.1,0.5,0.6,0.031,-3.1,-0.9,-4,-0.5,http://www.basketball-reference.com/players/c/crawfch01.html
2000-01,Chris Dudley,C,dudlech02,35,53,613,7.2,0.405,0,0.493,11.6,22.4,16.9,4.2,1.2,3.4,22.6,8.4,-0.2,1.2,1,0.079,-5.3,3.1,-2.2,0,http://www.basketball-reference.com/players/d/dudlech02.html
2000-01,Chris Garner,PG,garnech01,25,8,149,1,0.24,0.189,0.162,1.3,7.8,4.3,17.4,2.4,0.5,18.5,13.8,-0.4,0,-0.4,-0.123,-7.9,-1.3,-9.1,-0.3,http://www.basketball-reference.com/players/g/garnech01.html
2000-01,Chris Gatling,PF,gatlich01,33,74,1670,15.6,0.505,0.126,0.311,6.9,20.2,13.6,6.9,1.6,1.2,12.5,25.8,0.8,1.6,2.4,0.068,-1.4,-1.9,-3.3,-0.5,http://www.basketball-reference.com/players/g/gatlich01.html
2000-01,Chris Herren,PG,herrech01,25,25,408,6.1,0.41,0.573,0.125,1.1,5.1,3,21.9,1.8,0,16.5,13.5,-0.2,0.2,0,0.001,-3.4,-3.3,-6.7,-0.5,http://www.basketball-reference.com/players/h/herrech01.html
2000-01,Chris Mihm,C,mihmch01,21,59,1166,12.6,0.5,0.003,0.322,10.6,17.3,13.9,2.4,0.9,3.3,15.2,20.4,0.3,1,1.3,0.053,-3.4,-1.5,-5,-0.9,http://www.basketball-reference.com/players/m/mihmch01.html
2000-01,Chris Mills,SF,millsch01,31,15,493,9.6,0.435,0.131,0.188,4.8,16.2,10,6.1,0.9,0.7,8.8,19.4,0,0.1,0.1,0.007,-3.5,-2.4,-5.9,-0.5,http://www.basketball-reference.com/players/m/millsch01.html
2000-01,Chris Mullin*,SF,mullich01,37,20,374,10,0.486,0.491,0.264,2.6,9.6,5.8,7.9,2.2,1.9,13.8,15.5,0.1,0.2,0.3,0.034,-2.2,-0.8,-3,-0.1,http://www.basketball-reference.com/players/m/mullich01.html
2000-01,Chris Porter,SF,portech01,22,51,1147,11.1,0.434,0.011,0.317,7.6,10.1,8.7,9,2,0.4,10.4,20.8,-0.1,0.3,0.2,0.008,-2.8,-1.8,-4.6,-0.8,http://www.basketball-reference.com/players/p/portech01.html
2000-01,Chris Webber,PF,webbech01,27,70,2836,24.7,0.516,0.017,0.282,7,22.1,14.8,20.6,1.7,2.8,9.6,31.6,5.8,5.2,11,0.186,2.6,2.4,4.9,4.9,http://www.basketball-reference.com/players/w/webbech01.html
2000-01,Chris Whitney,PG,whitnch01,29,59,1532,13.2,0.537,0.528,0.24,0.9,7.3,4,26.9,1.9,0.1,16.5,18.1,2.1,0.2,2.3,0.072,1.8,-3.3,-1.5,0.2,http://www.basketball-reference.com/players/w/whitnch01.html
2000-01,Christian Laettner,C,laettch01,31,53,930,16.7,0.554,0.009,0.254,9.2,16,12.7,12,2.2,2.1,16.3,21,1.3,1.3,2.6,0.134,0,1.2,1.2,0.8,http://www.basketball-reference.com/players/l/laettch01.html
2000-01,Christian Laettner,C-PF,laettch01,31,78,1663,17,0.568,0.024,0.37,8.1,16.9,12.5,12.7,2.2,2,17.6,21.1,2.5,1.8,4.3,0.124,0.2,1,1.2,1.4,http://www.basketball-reference.com/players/l/laettch01.html
2000-01,Christian Laettner,PF,laettch01,31,25,733,17.6,0.586,0.044,0.535,6.7,17.9,12.2,13.7,2.2,1.9,19.2,21.2,1.2,0.5,1.7,0.112,0.6,0.7,1.3,0.6,http://www.basketball-reference.com/players/l/laettch01.html
2000-01,Chucky Atkins,PG,atkinch01,26,81,2363,12.2,0.481,0.356,0.137,1.2,6.7,3.9,24.3,1.4,0.1,12.9,21.2,1.2,1.6,2.8,0.057,0.4,-2.2,-1.8,0.1,http://www.basketball-reference.com/players/a/atkinch01.html
2000-01,Chucky Brown,SF,brownch01,32,17.33333333,226,10.6,0.470666667,0.048333333,0.392666667,2.933333333,17.53333333,9.933333333,6.633333333,1.566666667,1.4,7,15.4,0.066666667,0.166666667,0.266666667,0.061333333,-3.733333333,-1.033333333,-4.766666667,-0.166666667,http://www.basketball-reference.com/players/b/brownch01.html
2000-01,Clarence Weatherspoon,PF,weathcl01,30,82,2774,17.4,0.563,0,0.421,9.3,23.9,16.6,6.2,1.6,2.8,12,15.2,5.2,3.4,8.6,0.148,0.2,1.8,2,2.8,http://www.basketball-reference.com/players/w/weathcl01.html
2000-01,Clifford Robinson,PF,robincl02,34,82,2751,14.8,0.501,0.21,0.301,4.2,9.6,6.9,15.4,1.6,2.2,12.2,24.8,1.6,3.9,5.4,0.095,0.2,0.6,0.8,1.9,http://www.basketball-reference.com/players/r/robincl02.html
2000-01,Corey Benjamin,PG,benjaco01,22,65,857,8.8,0.453,0.268,0.275,5.1,8.9,6.9,14.6,1.8,1.4,15.7,21.8,-0.8,0.3,-0.5,-0.028,-3.1,-2.6,-5.7,-0.8,http://www.basketball-reference.com/players/b/benjaco01.html
2000-01,Corey Maggette,SF,maggeco01,21,69,1359,18.2,0.562,0.115,0.591,7.6,16.6,12.3,10.8,1.4,0.5,14.7,24.5,2.7,1.1,3.9,0.137,0.9,-1.4,-0.5,0.5,http://www.basketball-reference.com/players/m/maggeco01.html
2000-01,Corie Blount,PF,blounco01,32,45.33333333,870,10.63333333,0.481666667,0.019666667,0.292,13.2,18.53333333,15.7,6.333333333,1.633333333,1.133333333,19.93333333,12.26666667,0.333333333,0.8,1.166666667,0.067333333,-2.7,0.9,-1.833333333,0.1,http://www.basketball-reference.com/players/b/blounco01.html
2000-01,Corliss Williamson,SF,willico02,27,46,1124,15.2,0.533333333,0.003,0.366,7.033333333,14.06666667,10.43333333,6.5,1.533333333,0.866666667,12.73333333,22.5,1.066666667,1.1,2.133333333,0.093666667,-1.1,-1.066666667,-2.2,-0.1,http://www.basketball-reference.com/players/w/willico02.html
2000-01,Cory Alexander,PG,alexaco01,27,26,227,6.3,0.407,0.286,0.321,0,12.5,6.1,23.5,3.6,0,28.1,17.3,-0.5,0.3,-0.1,-0.031,-5.9,-0.1,-6.1,-0.2,http://www.basketball-reference.com/players/a/alexaco01.html
2000-01,Courtney Alexander,PG,alexaco02,23,43.33333333,921.3333333,10.86666667,0.469,0.075666667,0.260333333,3.733333333,8.633333333,6.166666667,7.833333333,1.7,0.333333333,10.33333333,22.86666667,0.233333333,0.333333333,0.533333333,0.020666667,-2.3,-2.4,-4.733333333,-0.533333333,http://www.basketball-reference.com/players/a/alexaco02.html
2000-01,Cuttino Mobley,SG,moblecu01,25,79,3002,17.7,0.541,0.208,0.39,3.3,11.8,7.7,11.5,1.5,0.6,10.4,24.3,6.2,2,8.2,0.13,1.9,-1.1,0.7,2.1,http://www.basketball-reference.com/players/m/moblecu01.html
2000-01,Dale Davis,C,davisda01,31,81,2162,15.1,0.524,0.008,0.312,13.3,19.9,16.7,7.4,1.1,2.6,10.8,13.4,3.8,2.8,6.6,0.147,0.2,1.5,1.7,2,http://www.basketball-reference.com/players/d/davisda01.html
2000-01,Dalibor Bagaric,C,bagarda01,20,35,259,3.3,0.304,0.015,0.431,9.7,16.2,12.8,6.2,1.9,4.6,21.4,17.6,-0.9,0.2,-0.7,-0.121,-9.3,0.6,-8.7,-0.4,http://www.basketball-reference.com/players/b/bagarda01.html
2000-01,Damon Jones,PG,jonesda01,24,71,1415,13,0.525,0.555,0.125,1.3,8.7,5,26.2,1.3,0,14.8,16.6,1.4,0.4,1.8,0.062,0.5,-2.8,-2.3,-0.1,http://www.basketball-reference.com/players/j/jonesda01.html
2000-01,Damon Stoudamire,PG,stoudda01,27,82,2655,16.3,0.519,0.234,0.221,3.2,10.2,6.8,29.1,2.1,0.2,15.7,21.3,4.1,2.5,6.7,0.121,1.8,-0.7,1.1,2.1,http://www.basketball-reference.com/players/s/stoudda01.html
2000-01,Dan Langhi,SF,langhda01,23,33,241,9.4,0.403,0.01,0.293,6.4,13.1,9.8,2.8,1.5,0.3,6.7,22.9,-0.2,0.2,-0.1,-0.014,-6,-3.8,-9.8,-0.5,http://www.basketball-reference.com/players/l/langhda01.html
2000-01,Dan Majerle,SG,majerda01,35,53,1306,9.4,0.48,0.699,0.17,1.8,13.3,7.6,11,2.2,0.9,11.2,11.6,0.5,2.1,2.6,0.097,-1.3,2,0.8,0.9,http://www.basketball-reference.com/players/m/majerda01.html
2000-01,Dan McClintock,C,mcclida01,23,6,58,9.9,0.446,0,0.278,18.5,13.3,15.9,2.9,0,2.4,12.9,17.8,0,0,0,0.007,-3.4,-3.2,-6.6,-0.1,http://www.basketball-reference.com/players/m/mcclida01.html
2000-01,Dana Barros,PG,barroda01,33,60,1079,14.3,0.534,0.255,0.194,0.6,8.9,4.7,18,1.4,0.1,11.8,20.4,1.4,0.8,2.3,0.101,0,-2.1,-2.1,0,http://www.basketball-reference.com/players/b/barroda01.html
2000-01,Daniel Santiago,C,santida01,24,54,581,7.9,0.528,0,0.455,6.7,13.3,9.9,3,1.5,2.6,22.6,16,-0.3,0.9,0.6,0.052,-5.5,0.9,-4.6,-0.4,http://www.basketball-reference.com/players/s/santida01.html
2000-01,Danny Ferry,SF,ferryda01,34,80,1688,10.1,0.577,0.416,0.08,3.9,10.7,7.5,6.8,0.9,0.9,11.4,12.2,2.1,2,4.1,0.117,0.4,0.7,1.1,1.3,http://www.basketball-reference.com/players/f/ferryda01.html
2000-01,Danny Fortson,PF,fortsda01,24,6,203,24.4,0.678,0,1.08,14,39.3,25.6,4.1,0.5,0,11.9,17.4,0.9,0.2,1.1,0.258,0.5,-3.4,-2.9,0,http://www.basketball-reference.com/players/f/fortsda01.html
2000-01,Danny Manning,PF,mannida01,34,82,1305,14.3,0.537,0.056,0.28,6.4,13.8,10.2,12.6,1.9,1.8,14.6,23.2,1.2,1.4,2.6,0.097,-0.4,-0.1,-0.5,0.5,http://www.basketball-reference.com/players/m/mannida01.html
2000-01,Darius Miles,SF,milesda01,19,81,2133,14.7,0.518,0.03,0.378,7,18.3,12.8,8.1,1.3,4.1,16.7,19.1,0.5,2.6,3,0.068,-2.1,2,-0.1,1,http://www.basketball-reference.com/players/m/milesda01.html
2000-01,Darrell Armstrong,PG,armstda01,32,75,2767,18.6,0.535,0.402,0.249,3.7,10.2,6.9,31.3,2.5,0.3,15.2,21,5.8,2.9,8.7,0.151,4,-0.5,3.5,3.8,http://www.basketball-reference.com/players/a/armstda01.html
2000-01,Darrick Martin,PG,martida01,29,31,176,17,0.563,0.355,0.461,1.3,8.3,4.9,12.9,2,0,9.9,25.4,0.5,0.2,0.7,0.182,1.3,-3.3,-2,0,http://www.basketball-reference.com/players/m/martida01.html
2000-01,Darvin Ham,SF,hamda01,27,29,540,10.1,0.537,0.038,0.613,11.8,13.6,12.7,6.5,1.6,2.9,24.5,11.3,0.4,0.5,0.9,0.079,-1.6,1.6,-0.1,0.3,http://www.basketball-reference.com/players/h/hamda01.html
2000-01,David Benoit,SF,benoida01,32,49,446,11.1,0.542,0.088,0.265,5.7,16.6,11.3,8.4,0.7,1.1,14.6,19.8,0.4,0.4,0.7,0.08,-2,-1.7,-3.7,-0.2,http://www.basketball-reference.com/players/b/benoida01.html
2000-01,David Robinson*,C,robinda01,35,80,2371,23.7,0.559,0.001,0.571,10.4,22,16.5,8.8,1.8,5.8,10.6,22.8,6.4,5.7,12.1,0.246,1.4,4.1,5.5,4.5,http://www.basketball-reference.com/players/r/robinda01.html
2000-01,David Vanterpool,PG,vanteda01,27,22,411,10.9,0.462,0.055,0.455,4.2,6.4,5.3,26.4,2.9,0.5,21.9,18.3,-0.2,0.2,0,0,-2.2,-1.4,-3.6,-0.2,http://www.basketball-reference.com/players/v/vanteda01.html
2000-01,David Wesley,SG,wesleda01,30,82,3106,15.3,0.509,0.208,0.274,2.4,5.9,4.1,21.7,2.2,0.4,11,23.1,4.2,3.4,7.6,0.117,1.4,-1.1,0.3,1.8,http://www.basketball-reference.com/players/w/wesleda01.html
2000-01,David Wingate,SG,wingada01,37,1,9,35.8,1,0,0,0,0,0,51.5,0,0,0,15,0.1,0,0.1,0.448,9.9,-15.1,-5.2,0,http://www.basketball-reference.com/players/w/wingada01.html
2000-01,DeShawn Stevenson,SG,stevede01,19,40,293,4.3,0.413,0.132,0.418,3.9,7.9,5.9,9.6,1.8,0.6,20.6,21.3,-0.6,0.2,-0.4,-0.071,-6.1,-1.7,-7.8,-0.4,http://www.basketball-reference.com/players/s/stevede01.html
2000-01,Dean Garrett,C,garrede01,34,70,831,12.5,0.511,0,0.25,8.8,21.1,14.9,4.1,1.6,4.2,12.6,10.8,0.7,1.2,1.9,0.109,-3.1,1.8,-1.3,0.2,http://www.basketball-reference.com/players/g/garrede01.html
2000-01,Dee Brown,PG,brownde01,32,7,155,9,0.519,0.727,0.114,0,8.1,3.9,11.9,1.3,0,13.2,15.2,0.1,0.1,0.2,0.059,-0.8,-2.7,-3.5,-0.1,http://www.basketball-reference.com/players/b/brownde01.html
2000-01,Dell Curry,SG,curryde01,36,71,956,14.4,0.53,0.38,0.134,1.8,8.3,5,13.2,1.5,0.6,8.8,20.7,1.5,0.5,2,0.101,1.1,-2.7,-1.6,0.1,http://www.basketball-reference.com/players/c/curryde01.html
2000-01,DerMarr Johnson,SF,johnsde03,20,78,1313,8.4,0.463,0.326,0.223,4.7,10.4,7.6,7.9,1.7,1.6,17.8,17.7,-0.9,0.9,0,0,-3,-0.3,-3.3,-0.4,http://www.basketball-reference.com/players/j/johnsde03.html
2000-01,Derek Anderson,SG,anderde01,26,82,2859,17.1,0.542,0.255,0.405,3.1,10.9,7.2,18.1,2.2,0.3,12.4,21.9,5.6,4.3,9.9,0.166,2.6,1,3.6,4,http://www.basketball-reference.com/players/a/anderde01.html
2000-01,Derek Fisher,PG,fishede01,26,20,709,14,0.534,0.337,0.332,0.8,8.5,4.7,18.3,2.9,0.2,11.9,15.4,1.2,0.5,1.8,0.119,1.3,-0.6,0.7,0.5,http://www.basketball-reference.com/players/f/fishede01.html
2000-01,Derek Strong,PF,stronde01,32,28,491,8.8,0.443,0.009,0.316,8.2,16.8,12.6,2.3,1.5,0.1,14.2,14.6,-0.1,0.4,0.3,0.026,-4.3,-1.2,-5.5,-0.4,http://www.basketball-reference.com/players/s/stronde01.html
2000-01,Derrick Coleman,PF,colemde01,33,34,683,13.8,0.469,0.2,0.361,7.7,23,15.4,10.2,0.8,2.3,12.4,22.8,0.1,1.1,1.2,0.082,-3,-0.3,-3.3,-0.2,http://www.basketball-reference.com/players/c/colemde01.html
2000-01,Derrick Dial,SG,dialde01,25,33,207,14.3,0.466,0.12,0.253,6.9,13.5,10.4,18.3,1,2,11.5,23.7,0.1,0.3,0.4,0.091,-1.3,-0.1,-1.4,0,http://www.basketball-reference.com/players/d/dialde01.html
2000-01,Derrick McKey,SF,mckeyde01,34,66,987,8.3,0.49,0.147,0.199,5.8,14.1,10.1,11.6,2.6,0.9,24.1,9.2,0.1,1.3,1.4,0.07,-2.8,2.4,-0.5,0.4,http://www.basketball-reference.com/players/m/mckeyde01.html
2000-01,Desmond Mason,SF,masonde01,23,78,1522,10.5,0.483,0.153,0.207,5.5,13.3,9.4,6.5,1.3,1,10,15.8,1,0.8,1.7,0.055,-1.9,-1.1,-3,-0.4,http://www.basketball-reference.com/players/m/masonde01.html
2000-01,Detlef Schrempf,SF,schrede01,38,26,397,9.8,0.487,0.084,0.284,5.3,17.7,11.7,16.8,0.9,0.6,20.8,15.8,0.1,0.4,0.5,0.057,-3.1,-0.2,-3.3,-0.1,http://www.basketball-reference.com/players/s/schrede01.html
2000-01,Devean George,SF,georgde01,23,59,593,6.2,0.394,0.329,0.266,6.7,14.1,10.5,4.8,1.3,1.8,12.8,20,-0.7,0.4,-0.3,-0.023,-4.8,-2.5,-7.3,-0.8,http://www.basketball-reference.com/players/g/georgde01.html
2000-01,Dikembe Mutombo*,C,mutomdi01,34,50,1727.333333,17.86666667,0.551666667,0,0.545333333,13.7,29.73333333,21.73333333,4.6,0.566666667,5.6,17.26666667,14.63333333,2.266666667,3.166666667,5.433333333,0.159,-1.466666667,3.1,1.6,1.5,http://www.basketball-reference.com/players/m/mutomdi01.html
2000-01,Dion Glover,SG,glovedi01,22,57,929,12.3,0.461,0.137,0.205,4.7,11.1,7.9,12.9,2.8,0.8,12.8,20.2,-0.1,0.9,0.8,0.04,-1.8,0,-1.7,0.1,http://www.basketball-reference.com/players/g/glovedi01.html
2000-01,Dirk Nowitzki,PF,nowitdi01,22,82,3125,22.8,0.601,0.313,0.431,4.4,22.1,13.5,9.4,1.3,2.3,9.5,23.8,10.3,4.3,14.6,0.224,4.3,0.5,4.7,5.3,http://www.basketball-reference.com/players/n/nowitdi01.html
2000-01,Don MacLean,SF,macledo01,31,8,76,16.3,0.613,0.1,0.6,11,17.2,14.1,9.6,3.6,1,28.3,22.5,0,0.2,0.2,0.12,-2.4,2,-0.4,0,http://www.basketball-reference.com/players/m/macledo01.html
2000-01,Don Reid,PF,reiddo01,27,65,764,13.1,0.59,0,0.517,11.9,23.5,17.6,4.2,1.6,5.2,21.2,13.1,0.8,1.4,2.3,0.141,-2.8,2.2,-0.6,0.3,http://www.basketball-reference.com/players/r/reiddo01.html
2000-01,Donnell Harvey,PF,harvedo01,20,18,65,9.8,0.523,0,1.143,10.6,23.4,17.2,4.7,2.4,1.1,25,19.6,-0.1,0.1,0.1,0.039,-5,-0.2,-5.2,-0.1,http://www.basketball-reference.com/players/h/harvedo01.html
2000-01,Donyell Marshall,SF,marshdo01,27,81,2326,19.9,0.568,0.151,0.322,9.4,20.6,15.1,10.1,2,2.7,11.7,21.7,5.1,3.3,8.5,0.174,2.5,1.5,4,3.5,http://www.basketball-reference.com/players/m/marshdo01.html
2000-01,Doug Christie,SG,chrisdo01,30,81,2939,14.8,0.538,0.317,0.396,3.6,9.3,6.5,14.6,3.2,1,14.3,16.2,4.3,4.4,8.7,0.141,1.4,2.3,3.6,4.1,http://www.basketball-reference.com/players/c/chrisdo01.html
2000-01,Doug Overton,PG,overtdo01,31,10.5,237.5,5.85,0.56325,0.1735,0.10475,0.9,6.9,3.8,18.975,1.6,0,28.025,16.9,-0.2,0.05,-0.125,-0.0565,-5.075,-2.45,-7.525,-0.325,http://www.basketball-reference.com/players/o/overtdo01.html
2000-01,Doug West,SG,westdo01,33,15,171,4.2,0.341,0.053,0.184,2.7,7.3,5,12.4,0.9,1.6,8.9,12,-0.1,0,-0.1,-0.028,-5.8,-0.8,-6.6,-0.2,http://www.basketball-reference.com/players/w/westdo01.html
2000-01,Dragan Tarlac,C,tarladr01,27,43,598,5.6,0.454,0,0.333,7.1,17.5,12.1,8.4,0.6,2.4,25.1,11.8,-0.4,0.2,-0.2,-0.016,-6,-0.3,-6.3,-0.7,http://www.basketball-reference.com/players/t/tarladr01.html
2000-01,Duane Causwell,C,causwdu01,32,31,384,4.8,0.396,0,0.294,7.1,18.6,12.8,2.2,1.1,3.6,19.3,15,-0.7,0.7,0,0.002,-8.2,1.4,-6.8,-0.5,http://www.basketball-reference.com/players/c/causwdu01.html
2000-01,Earl Boykins,PG,boykiea01,24,10,149,17.2,0.461,0.127,0.27,3.2,5.2,4.2,38.7,1.8,0,11.3,24.7,0.2,0.1,0.3,0.089,1.2,-3.9,-2.7,0,http://www.basketball-reference.com/players/b/boykiea01.html
2000-01,Eddie Gill,PG,gilled01,22,8,152,8.9,0.451,0.22,0.122,0,7,3.4,26.3,1.4,0.5,18.8,15.9,-0.1,0,0,-0.01,-4,-3.6,-7.6,-0.2,http://www.basketball-reference.com/players/g/gilled01.html
2000-01,Eddie House,PG,houseed01,22,50,550,11.6,0.478,0.223,0.142,1.1,8,4.5,19.4,1.3,0,11.8,26.2,-0.2,0.6,0.4,0.035,-2.4,-2.9,-5.3,-0.5,http://www.basketball-reference.com/players/h/houseed01.html
2000-01,Eddie Jones,SG,jonesed02,29,63,2282,18.8,0.553,0.273,0.31,3.9,11.3,7.6,14.8,2.7,2,12,23.9,3.9,4,7.9,0.166,2.4,1.9,4.3,3.6,http://www.basketball-reference.com/players/j/jonesed02.html
2000-01,Eddie Robinson,SF,robined01,24,67,1201,17.9,0.559,0.01,0.216,5.7,13.1,9.4,9.4,2.2,2,8.8,18.8,2.1,1.8,4,0.159,-0.5,0.6,0.2,0.7,http://www.basketball-reference.com/players/r/robined01.html
2000-01,Eduardo Najera,PF,najered01,24,40,431,14,0.522,0.027,0.297,10.9,13.6,12.3,9.7,1.6,1.3,11.9,15,0.6,0.4,1.1,0.12,-0.2,0.3,0.1,0.2,http://www.basketball-reference.com/players/n/najered01.html
2000-01,Elden Campbell,PF,campbel01,32,78,2337,16.4,0.505,0.007,0.487,7.7,21.9,14.8,8.1,1.4,4.4,12.4,22.8,1.9,4.5,6.4,0.131,-2.6,1.9,-0.7,0.8,http://www.basketball-reference.com/players/c/campbel01.html
2000-01,Eldridge Recasner,PG,recasel01,33,43,403,6.2,0.422,0.342,0.158,3.7,10.4,7.1,15.9,0.8,0.2,18.1,17,-0.4,0.4,0,-0.004,-4.6,-1.9,-6.5,-0.5,http://www.basketball-reference.com/players/r/recasel01.html
2000-01,Elliot Perry,PG,perryel01,31,32.66666667,332.6666667,10.36666667,0.48,0.052666667,0.109333333,2.233333333,8.566666667,5.366666667,24.2,2.8,0.1,24.73333333,17.56666667,0,0.466666667,0.4,0.017333333,-4.566666667,-0.466666667,-5.033333333,-0.166666667,http://www.basketball-reference.com/players/p/perryel01.html
2000-01,Elton Brand,PF,brandel01,21,74,2906,20.4,0.524,0.002,0.388,11.2,19.6,15.2,17,1.3,3,13.3,26.3,4.1,2,6.1,0.101,1.7,0.5,2.2,3,http://www.basketball-reference.com/players/b/brandel01.html
2000-01,Emanual Davis,SG,davisem01,32,62,1290,11.8,0.527,0.399,0.173,2.5,11.2,6.9,16.1,2.6,0.7,18.4,14.7,0.9,0.9,1.8,0.067,-0.3,0,-0.3,0.6,http://www.basketball-reference.com/players/d/davisem01.html
2000-01,Eric Montross,C,montrer01,29,36,432.6666667,6.166666667,0.379666667,0,0.244666667,9.566666667,22.8,16.06666667,5.266666667,1.2,2.766666667,20.1,12.86666667,-0.6,0.566666667,-0.033333333,0.007,-6.233333333,1.5,-4.733333333,-0.333333333,http://www.basketball-reference.com/players/m/montrer01.html
2000-01,Eric Piatkowski,SG,piatker01,30,81,2144,14.6,0.572,0.442,0.269,3,9.7,6.4,7.6,1.1,0.6,9.2,17.8,4.5,1,5.5,0.123,2.2,-1.6,0.6,1.4,http://www.basketball-reference.com/players/p/piatker01.html
2000-01,Eric Snow,PG,snower01,27,50,1740,14,0.488,0.044,0.354,1.8,8.8,5.4,33.9,2.3,0.3,19.8,16.3,1.5,2.3,3.8,0.105,-0.4,0.3,-0.2,0.8,http://www.basketball-reference.com/players/s/snower01.html
2000-01,Eric Williams,SF,willier01,28,81,1745,10,0.487,0.31,0.516,4.1,10,6.9,10.6,1.9,0.6,12.1,16.3,1,1.2,2.2,0.06,-1.9,-1,-2.9,-0.4,http://www.basketball-reference.com/players/w/willier01.html
2000-01,Erick Barkley,PG,barkler01,22,8,38,10.3,0.432,0.364,0,0,9.1,4.7,28.8,2.8,0,18.5,33,-0.1,0,-0.1,-0.075,-3.4,-3.6,-7,0,http://www.basketball-reference.com/players/b/barkler01.html
2000-01,Erick Dampier,C,dampier01,25,43,1038,10,0.432,0.006,0.401,9.2,17,12.8,9.2,0.8,4,18.2,18.4,-1,0.6,-0.5,-0.021,-4.7,0.5,-4.2,-0.6,http://www.basketball-reference.com/players/d/dampier01.html
2000-01,Erick Strickland,PG,stricer01,27,33.33333333,553.3333333,10.73333333,0.430666667,0.356,0.295,2.6,15.26666667,9.033333333,18.63333333,2.866666667,0.2,13.7,19.9,-0.266666667,0.8,0.533333333,0.046,-2.066666667,0.7,-1.4,0.066666667,http://www.basketball-reference.com/players/s/stricer01.html
2000-01,Ervin Johnson,C,johnser02,33,82,1981,11.2,0.557,0,0.47,11.8,23.2,17.5,2.8,1.2,3.6,16.4,6.5,2.6,2.5,5.1,0.123,-1.5,2.1,0.6,1.3,http://www.basketball-reference.com/players/j/johnser02.html
2000-01,Etdrick Bohannon,PF,bohanet01,27,6,19,22.4,0.694,0,1,18.3,24.3,21.3,0,0,7.7,14.8,16.1,0.1,0,0.1,0.276,-1.2,-3.5,-4.7,0,http://www.basketball-reference.com/players/b/bohanet01.html
2000-01,Evan Eschmeyer,C,eschmev01,25,74,1331,10.8,0.512,0,0.51,11.3,20.5,15.8,4.7,1.6,3.3,17.8,10.1,1.1,1.5,2.5,0.091,-2.9,1.7,-1.2,0.3,http://www.basketball-reference.com/players/e/eschmev01.html
2000-01,Felipe Lopez,PG,lopezfe01,26,23,457,13.9,0.51,0.151,0.217,6.2,12.4,9.2,11.6,2.4,1.9,14,19.1,0.3,0.5,0.7,0.077,-0.9,0.3,-0.5,0.2,http://www.basketball-reference.com/players/l/lopezfe01.html
2000-01,Felipe Lopez,SG,lopezfe01,26,47,1108,11.9,0.5,0.089,0.377,3.1,14,8.4,11.1,1.9,1.2,12.8,17.5,0.6,0.5,1.1,0.049,-1.7,-0.5,-2.1,0,http://www.basketball-reference.com/players/l/lopezfe01.html
2000-01,Felipe Lopez,SG-PG,lopezfe01,26,70,1565,12.5,0.503,0.109,0.326,4,13.5,8.7,11.3,2.1,1.4,13.2,18,0.9,1,1.9,0.057,-1.4,-0.2,-1.7,0.1,http://www.basketball-reference.com/players/l/lopezfe01.html
2000-01,Felton Spencer,C,spencfe01,33,18,113,13.5,0.629,0,1.25,17.7,19.7,18.7,3,1,1.4,26.2,18.2,0.2,0.2,0.4,0.152,-2.1,-0.8,-2.9,0,http://www.basketball-reference.com/players/s/spencfe01.html
2000-01,Fred Hoiberg,SG,hoibefr01,28,74,2247,15.3,0.597,0.505,0.317,1.1,15.8,8.1,19.9,2.3,0.4,11.6,13.2,4.6,1.3,5.9,0.126,1.6,-0.6,0.9,1.7,http://www.basketball-reference.com/players/h/hoibefr01.html
2000-01,Garth Joseph,C,josepga01,27,2.666666667,10.66666667,-5,0.223333333,0,0.355666667,13.73333333,0,7.033333333,9.8,0,4.3,26.4,22,-0.066666667,0,-0.066666667,-0.345,-12.26666667,-1.933333333,-14.2,-0.033333333,http://www.basketball-reference.com/players/j/josepga01.html
2000-01,Gary Grant,PG,grantga01,35,4,17,22.8,0.714,0,0,0,0,0,12.6,0,0,0,19.1,0.1,0,0.1,0.209,2.9,-8.2,-5.3,0,http://www.basketball-reference.com/players/g/grantga01.html
2000-01,Gary Payton*,PG,paytoga01,32,79,3244,22.1,0.522,0.171,0.223,2.6,10.1,6.4,36.6,2.1,0.6,10.7,27.2,9.1,1.7,10.8,0.16,5.4,-1.1,4.3,5.1,http://www.basketball-reference.com/players/p/paytoga01.html
2000-01,Gary Trent,PF,trentga01,26,33,319,13.8,0.456,0.008,0.277,14,18.1,16.1,5.2,2.1,1.8,13.1,23.9,-0.1,0.5,0.4,0.057,-3.3,-1.2,-4.5,-0.2,http://www.basketball-reference.com/players/t/trentga01.html
2000-01,George Lynch,SF,lynchge01,30,82,2649,12.4,0.496,0.093,0.278,8.7,16.3,12.6,8.4,2,0.8,13.6,13.7,2.3,4.2,6.5,0.118,-0.3,2.6,2.3,2.9,http://www.basketball-reference.com/players/l/lynchge01.html
2000-01,George McCloud,SF,mccloge01,33,76,2007,12.9,0.496,0.357,0.276,2.9,9.3,6.1,22.1,1.4,0.9,13.7,18.9,2,0.6,2.6,0.062,0.3,-1.5,-1.2,0.4,http://www.basketball-reference.com/players/m/mccloge01.html
2000-01,Gerard King,SF,kingge02,28,45,706,10.1,0.552,0,0.256,6.3,15.2,10.7,7.4,1,1.1,19.4,15.3,0.3,0.2,0.5,0.035,-2.6,-1.2,-3.8,-0.3,http://www.basketball-reference.com/players/k/kingge02.html
2000-01,Glen Rice,SF,ricegl01,33,75,2212,13.7,0.54,0.281,0.242,3.4,13,8.4,7.4,1,0.5,10.3,20.5,2.7,2.9,5.7,0.123,0.3,-0.3,0,1.1,http://www.basketball-reference.com/players/r/ricegl01.html
2000-01,Glenn Robinson,SF,robingl01,28,76,2813,20.1,0.525,0.126,0.21,5,16.1,10.6,16.5,1.6,1.6,12.1,29.2,4.2,2.5,6.7,0.114,1.3,-0.6,0.7,1.9,http://www.basketball-reference.com/players/r/robingl01.html
2000-01,Grant Hill,SF,hillgr01,28,4,133,18.1,0.505,0.023,0.605,6.5,14.5,10.4,30.7,1.9,1.1,16.8,21.8,0.2,0.2,0.3,0.126,0.3,0,0.3,0.1,http://www.basketball-reference.com/players/h/hillgr01.html
2000-01,Grant Long,PF,longgr01,34,66,1507,11.4,0.51,0.047,0.492,5.8,14.9,10.4,8.7,2.5,0.7,13.8,13.6,1,1.4,2.4,0.078,-2.1,1.4,-0.7,0.5,http://www.basketball-reference.com/players/l/longgr01.html
2000-01,Greg Anthony,PG,anthogr01,33,58,856,12,0.525,0.628,0.138,3,5.4,4.3,14.8,2.5,0.3,13.8,16.9,0.9,0.7,1.6,0.09,1,-1.7,-0.6,0.3,http://www.basketball-reference.com/players/a/anthogr01.html
2000-01,Greg Buckner,SG,buckngr01,24,37,820,12.1,0.503,0.036,0.422,8.4,12.9,10.7,8.8,2.1,0.8,10.6,14.1,1.1,0.9,2,0.118,-0.3,1.1,0.8,0.6,http://www.basketball-reference.com/players/b/buckngr01.html
2000-01,Greg Foster,C,fostegr01,32,62,451,9.5,0.449,0.068,0.105,7.3,20.6,14,10.8,1,1.9,15.2,16.3,0,0.4,0.4,0.044,-3.9,-0.6,-4.5,-0.3,http://www.basketball-reference.com/players/f/fostegr01.html
2000-01,Greg Ostertag,C,ostergr01,27,81,1491,13.3,0.522,0.007,0.537,13.9,20.4,17.3,2.3,0.8,7.7,15.3,12.7,1.5,2.3,3.8,0.121,-2,2.9,0.9,1.1,http://www.basketball-reference.com/players/o/ostergr01.html
2000-01,Hakeem Olajuwon*,C,olajuha01,38,58,1545,20.7,0.526,0.002,0.349,9.5,22.4,16.1,8.3,2.4,4,11,21.9,2.4,2.6,5,0.155,-0.2,2.2,2,1.6,http://www.basketball-reference.com/players/o/olajuha01.html
2000-01,Hanno Mottola,SF,mottoha01,24,73,989,7.5,0.504,0.011,0.325,5.5,14.2,9.8,4.2,0.6,0.6,17.5,17.3,-0.1,0.5,0.4,0.018,-4.5,-2,-6.5,-1.1,http://www.basketball-reference.com/players/m/mottoha01.html
2000-01,Hedo Turkoglu,SF,turkohe01,21,74,1245,11.7,0.509,0.257,0.334,4.4,13.6,9.1,8.3,2.1,1.3,12.5,15.6,1,1.8,2.8,0.106,-1.6,0.9,-0.8,0.4,http://www.basketball-reference.com/players/t/turkohe01.html
2000-01,Hersey Hawkins,SG,hawkihe01,34,59,681,14.3,0.555,0.336,0.46,2.9,10.5,6.7,17,2.6,1,10.3,12.4,1.4,1,2.3,0.165,-0.4,0.5,0.1,0.4,http://www.basketball-reference.com/players/h/hawkihe01.html
2000-01,Horace Grant,PF,grantho01,35,77,2390,14.3,0.511,0.005,0.297,10.5,15.2,12.9,7.5,1.1,1.8,6.9,12.9,4.8,1.7,6.5,0.13,0.5,0.5,1,1.8,http://www.basketball-reference.com/players/g/grantho01.html
2000-01,Howard Eisley,SG,eisleho01,28,82,2426,11.7,0.507,0.399,0.187,1.1,7.8,4.5,18.2,2.1,0.4,12.3,15.6,2.4,2,4.4,0.087,0.7,-0.4,0.3,1.4,http://www.basketball-reference.com/players/e/eisleho01.html
2000-01,Hubert Davis,PG,davishu01,30,44,1128,10.63333333,0.575,0.379333333,0.15,2.066666667,6.9,4.5,12.3,1,0.033333333,15.23333333,14.76666667,1.066666667,0.4,1.466666667,0.065,0.366666667,-2.1,-1.733333333,0.133333333,http://www.basketball-reference.com/players/d/davishu01.html
2000-01,Ira Bowman,PG,bowmair01,27,3,19,9.2,0,0,0,5.8,5.9,5.9,50.5,0,0,33.3,7.1,0,0,0,-0.024,-6.9,-5.8,-12.7,-0.1,http://www.basketball-reference.com/players/b/bowmair01.html
2000-01,Ira Newble,SF,newblir01,26,27,184,8.9,0.435,0.164,0.291,8.4,12.9,10.8,5.3,0.6,1.5,10.1,17.6,0,0.2,0.2,0.055,-3.4,-0.9,-4.3,-0.1,http://www.basketball-reference.com/players/n/newblir01.html
2000-01,Isaac Austin,C,austiis01,31,52,845,8.3,0.393,0.089,0.148,6.8,23.1,15,11.2,1.2,1.9,15.8,18.5,-1.3,0.9,-0.5,-0.026,-5.8,0.6,-5.2,-0.7,http://www.basketball-reference.com/players/a/austiis01.html
2000-01,Isaiah Rider,SG,rideris01,29,67,1206,11.8,0.499,0.195,0.176,4.2,10.4,7.3,15,1.2,0.4,16.2,22.5,0.3,0.5,0.8,0.033,-1.7,-2.7,-4.3,-0.7,http://www.basketball-reference.com/players/r/rideris01.html
2000-01,J.R. Reid,PF,reidjr01,32,6,39,15.7,0.587,0,1.6,14.9,8.9,11.9,3.8,2.7,1.9,10.5,11,0.1,0,0.1,0.174,0.9,0.3,1.3,0,http://www.basketball-reference.com/players/r/reidjr01.html
2000-01,Jabari Smith,C,smithja01,23,9,66,14.7,0.528,0,0.273,1.7,11.1,6.5,14.8,3.1,0,10.9,18.5,0.1,0.1,0.2,0.126,-1.9,-0.2,-2.1,0,http://www.basketball-reference.com/players/s/smithja01.html
2000-01,Jacque Vaughn,PG,vaughja01,25,82,1620,12.8,0.535,0.198,0.417,1.4,9.9,5.7,31,1.6,0.2,21.7,16.9,1.8,1.1,3,0.088,-0.4,-1.8,-2.2,-0.1,http://www.basketball-reference.com/players/v/vaughja01.html
2000-01,Jahidi White,C,whiteja01,24,68,1609,14.7,0.535,0.002,0.765,12.7,25.4,18.9,2.1,1,4.9,20,18.9,0.5,1.6,2.1,0.061,-3.5,-0.5,-4,-0.8,http://www.basketball-reference.com/players/w/whiteja01.html
2000-01,Jake Tsakalidis,C,tsakaja01,21,57,947,9.6,0.502,0,0.423,9.8,19.4,14.5,3.2,0.5,4.2,20.6,15.1,-0.3,1.6,1.3,0.067,-5.3,1.5,-3.9,-0.4,http://www.basketball-reference.com/players/t/tsakaja01.html
2000-01,Jake Voskuhl,C,voskuja01,23,16,143,5.8,0.481,0,0.56,9.6,19,14.1,5.7,1.9,3.1,27.8,14,-0.2,0.1,0,-0.007,-6.3,0.4,-5.9,-0.1,http://www.basketball-reference.com/players/v/voskuja01.html
2000-01,Jalen Rose,SF,roseja01,28,72,2943,17.8,0.53,0.14,0.277,1.5,12,6.9,28.7,1.2,1,13.2,25.5,4.8,2.5,7.3,0.119,2.3,-0.5,1.8,2.8,http://www.basketball-reference.com/players/r/roseja01.html
2000-01,Jamaal Magloire,C,magloja01,22,74,1095,13.4,0.506,0.007,0.535,10.8,19.9,15.4,4.2,0.9,5.2,15.4,16.7,0.6,2,2.6,0.114,-4.2,1.4,-2.8,-0.2,http://www.basketball-reference.com/players/m/magloja01.html
2000-01,Jamal Crawford,PG,crawfja01,20,61,1050,8.5,0.442,0.385,0.112,1,9.4,5,23,2.2,1,21,17.9,-1.3,0.4,-0.9,-0.043,-3.9,-2.3,-6.3,-1.1,http://www.basketball-reference.com/players/c/crawfja01.html
2000-01,Jamal Mashburn,SF,mashbja01,28,76,2989,17.5,0.493,0.208,0.262,3.5,18.4,11,26.8,1.5,0.3,12,27.1,3.1,4.2,7.3,0.118,1.9,0.4,2.3,3.3,http://www.basketball-reference.com/players/m/mashbja01.html
2000-01,Jamal Robinson,SF,robinja03,27,6,72,-1.9,0.136,0.091,0,5,13.2,9.1,4.4,4.6,0,12,16.8,-0.4,0.2,-0.2,-0.166,-11.4,2.3,-9,-0.1,http://www.basketball-reference.com/players/r/robinja03.html
2000-01,Jamel Thomas,SF,thomaja01,27,5,56,0.8,0.342,0.158,0,8,10.6,9.2,0,2.8,0,24,20.2,-0.2,0,-0.2,-0.171,-10.2,-4,-14.2,-0.2,http://www.basketball-reference.com/players/t/thomaja01.html
2000-01,James Posey,SF,poseyja01,24,82,2255,12.5,0.511,0.368,0.239,5.9,14.9,10.4,11.2,2.1,1.2,13.5,14.9,2.1,1.7,3.8,0.08,0,0.9,0.9,1.7,http://www.basketball-reference.com/players/p/poseyja01.html
2000-01,James Robinson,PG,robinja02,30,6,50,5.1,0.455,0.455,0,0,18.2,8.9,0,4.1,1.5,26.7,13.3,-0.1,0.1,0,-0.017,-7.8,0,-7.9,-0.1,http://www.basketball-reference.com/players/r/robinja02.html
2000-01,Jamie Feick,C,feickja01,26,6,149,10.2,0.389,0,0.522,9,34.9,21.6,5.2,2.8,1.5,19.8,10.7,-0.1,0.3,0.2,0.05,-6.1,2.2,-3.8,-0.1,http://www.basketball-reference.com/players/f/feickja01.html
2000-01,Jaren Jackson,SG,jacksja01,33,16,114,10.4,0.477,0.45,0.05,1,10.4,6,10.5,2.4,0,6.8,18.1,0,0.2,0.2,0.087,-0.7,-0.7,-1.3,0,http://www.basketball-reference.com/players/j/jacksja01.html
2000-01,Jason Caffey,PF,caffeja01,27,70,1460,13.7,0.544,0,0.575,10.6,16.8,13.7,5.5,1.4,1.3,14.3,16.6,2.3,1.2,3.5,0.114,-1.1,-0.7,-1.8,0.1,http://www.basketball-reference.com/players/c/caffeja01.html
2000-01,Jason Collier,C,collija02,23,23,222,7.4,0.435,0.014,0.338,6.4,12.7,9.6,4.4,0.5,0.9,11.9,19.2,-0.1,0.1,0,-0.001,-5.2,-2.8,-8,-0.3,http://www.basketball-reference.com/players/c/collija02.html
2000-01,Jason Hart,PG,hartja01,22,1,10,1.7,1,0,0,0,0,0,14.6,0,0,66.7,13.6,0,0,0,-0.159,-8.8,-7,-15.8,0,http://www.basketball-reference.com/players/h/hartja01.html
2000-01,Jason Kidd,PG,kiddja01,27,77,3065,19.4,0.51,0.211,0.367,3.3,15.2,9.1,41.2,2.8,0.5,18.3,22.7,4.2,5.4,9.6,0.15,2.7,2.1,4.8,5.3,http://www.basketball-reference.com/players/k/kiddja01.html
2000-01,Jason Terry,SG,terryja01,23,82,3089,17.3,0.531,0.23,0.262,1.5,8.2,4.9,24.3,1.8,0.3,13.6,25.5,4.9,1.6,6.5,0.1,2.9,-1.6,1.4,2.6,http://www.basketball-reference.com/players/t/terryja01.html
2000-01,Jason Williams,PG,willija02,25,77,2290,12.8,0.498,0.451,0.11,0.9,7.6,4.4,27.6,2.1,0.3,18.1,17,1.3,2.4,3.8,0.079,0,-1,-1,0.6,http://www.basketball-reference.com/players/w/willija02.html
2000-01,Jeff Foster,C,fosteje01,24,71,1152,12.5,0.492,0.033,0.427,14.6,23.4,19.1,4.6,1.8,1.7,17,12.4,0.8,1.9,2.7,0.113,-2.5,1.1,-1.4,0.2,http://www.basketball-reference.com/players/f/fosteje01.html
2000-01,Jeff McInnis,PG,mcinnje01,26,81,2831,15.6,0.521,0.154,0.173,1.7,7,4.4,27.7,1.4,0.2,10.1,18.2,5.8,1.1,6.9,0.117,2.1,-1.8,0.3,1.6,http://www.basketball-reference.com/players/m/mcinnje01.html
2000-01,Jelani McCoy,C,mccoyje01,23,70,1143,11.1,0.52,0,0.352,9.3,15.9,12.6,7.7,0.8,3.1,19.7,15,0.3,0.8,1.1,0.045,-2.6,0.4,-2.2,-0.1,http://www.basketball-reference.com/players/m/mccoyje01.html
2000-01,Jermaine O'Neal,C,onealje01,22,81,2641,17.5,0.501,0.006,0.447,11,22.7,17,6.7,1,6.2,13.4,21.2,1.7,4.7,6.4,0.116,-2.2,2.7,0.5,1.6,http://www.basketball-reference.com/players/o/onealje01.html
2000-01,Jerome Kersey,SF,kerseje01,38,22,243,12.9,0.473,0.014,0.232,3.8,17.1,10.5,9.4,3,2.4,7.3,15.3,0.2,0.3,0.5,0.101,-2.6,1.4,-1.2,0.1,http://www.basketball-reference.com/players/k/kerseje01.html
2000-01,Jerome Moiso,C,moisoje01,22,24,135,3.2,0.422,0.033,0.867,9.9,27.1,18.1,3.6,1.2,2.3,30.3,20,-0.4,0.2,-0.3,-0.096,-10.5,-1.4,-11.9,-0.3,http://www.basketball-reference.com/players/m/moisoje01.html
2000-01,Jerome Williams,PF,willije01,27,39.33333333,788,15.96666667,0.536,0.010333333,0.463666667,11.66666667,22.96666667,17.16666667,5.966666667,2.5,1.333333333,14.6,15.36666667,1,1.333333333,2.333333333,0.146666667,-1.1,1.5,0.4,0.466666667,http://www.basketball-reference.com/players/w/willije01.html
2000-01,Jerry Stackhouse,SG,stackje01,26,80,3215,21.8,0.521,0.245,0.42,3.2,7.3,5.2,25.8,1.5,1.2,12.5,35.2,6.6,2.6,9.2,0.137,5.3,-1.6,3.7,4.6,http://www.basketball-reference.com/players/s/stackje01.html
2000-01,Jim Jackson,SF,jacksji01,30,37.33333333,1126.666667,11.03333333,0.458666667,0.134333333,0.287,3.566666667,11.76666667,7.666666667,16.23333333,1.666666667,0.433333333,15.6,22.7,-0.566666667,0.666666667,0.1,0.008,-1.966666667,-0.9,-2.866666667,-0.266666667,http://www.basketball-reference.com/players/j/jacksji01.html
2000-01,Jim McIlvaine,C,mcilvji01,28,18,193,6.2,0.421,0,0.429,4.6,16.5,10.4,3.2,1.9,5.8,21.3,9.9,-0.2,0.2,0.1,0.015,-6.7,3,-3.7,-0.1,http://www.basketball-reference.com/players/m/mcilvji01.html
2000-01,Joe Smith,PF,smithjo02,25,69,1941,14.6,0.475,0.007,0.375,8.7,18.6,13.5,7.1,1.2,1.8,9,21.9,1.9,2.5,4.4,0.11,-1.9,0,-1.8,0.1,http://www.basketball-reference.com/players/s/smithjo02.html
2000-01,Joel Przybilla,C,przybjo01,21,33,270,5.9,0.339,0,0.314,12.3,17.5,14.9,1,0.6,8.2,24.6,8.9,-0.2,0.3,0.1,0.018,-6.4,2.5,-3.9,-0.1,http://www.basketball-reference.com/players/p/przybjo01.html
2000-01,John Amaechi,C,amaecjo01,30,82,1710,8.7,0.455,0.012,0.471,4.9,12.7,8.7,7,0.8,1.2,14.8,21.7,-1.3,1.4,0,0.001,-5.1,-1.8,-6.9,-2.1,http://www.basketball-reference.com/players/a/amaecjo01.html
2000-01,John Coker,C,cokerjo01,29,6,32,-2.8,0.125,0,0,9.2,7.2,8.3,8.8,1.6,0,20,13.2,-0.1,0,-0.1,-0.192,-9.7,-1.4,-11.1,-0.1,http://www.basketball-reference.com/players/c/cokerjo01.html
2000-01,John Crotty,PG,crottjo01,31,31,264,7.2,0.443,0.108,0.292,6.2,6.9,6.6,19.4,1.2,0,20.6,16.1,0,0.1,0.1,0.019,-2.8,-1.8,-4.6,-0.2,http://www.basketball-reference.com/players/c/crottjo01.html
2000-01,John Starks,SG,starkjo01,35,75,2122,9.3,0.476,0.265,0.162,1.7,7.2,4.5,13.5,1.8,0.4,11.3,18,0.6,1.5,2.1,0.048,-0.7,-0.9,-1.6,0.2,http://www.basketball-reference.com/players/s/starkjo01.html
2000-01,John Stockton*,PG,stockjo01,38,82,2397,22.3,0.61,0.203,0.427,2.9,8.8,5.9,48.7,2.9,0.7,20.8,18.8,8.2,2.6,10.8,0.216,4.9,-1.4,3.5,3.3,http://www.basketball-reference.com/players/s/stockjo01.html
2000-01,John Wallace,SF,wallajo01,26,40,527,11.2,0.463,0.064,0.191,5,12,8.4,8,1.2,2.1,12.3,24,-0.3,0.6,0.3,0.027,-4,-1.2,-5.2,-0.4,http://www.basketball-reference.com/players/w/wallajo01.html
2000-01,Johnny Newman,SG,newmajo01,37,82,2049,13,0.542,0.253,0.427,1.9,8.2,4.9,10,1.6,0.4,11.4,20.6,2.7,0.7,3.4,0.081,-0.1,-2.5,-2.6,-0.3,http://www.basketball-reference.com/players/n/newmajo01.html
2000-01,Jon Barry,SG,barryjo01,31,62,1010,12.4,0.55,0.518,0.286,1.8,8.1,5,19,1.4,0.4,15.6,14.9,1.5,0.9,2.4,0.114,0,-1.4,-1.4,0.2,http://www.basketball-reference.com/players/b/barryjo01.html
2000-01,Jonathan Bender,SF,bendejo01,20,59,574,7.6,0.447,0.22,0.366,2.9,11.5,7.3,9.4,0.7,3.5,16.3,21,-0.7,0.5,-0.1,-0.012,-5.5,-0.8,-6.3,-0.6,http://www.basketball-reference.com/players/b/bendejo01.html
2000-01,Jud Buechler,SF,buechju01,32,57,737,9.9,0.57,0.47,0.073,2.9,11,6.8,8.4,1.4,1,12.9,11.4,0.8,0.7,1.5,0.098,-1.1,0.1,-1,0.2,http://www.basketball-reference.com/players/b/buechju01.html
2000-01,Jumaine Jones,SF,jonesju01,21,65,866,14.2,0.51,0.218,0.193,8.4,16.1,12.3,6.3,1.8,1.3,11.6,17.6,0.9,1.4,2.3,0.125,-0.9,0.3,-0.6,0.3,http://www.basketball-reference.com/players/j/jonesju01.html
2000-01,Juwan Howard,PF,howarju01,27,54,1982.666667,16.13333333,0.529,0.003333333,0.316333333,6.466666667,15.6,11.06666667,13.6,1.333333333,0.933333333,14.7,24.43333333,1.833333333,1.1,2.933333333,0.076666667,0.166666667,-0.433333333,-0.3,0.833333333,http://www.basketball-reference.com/players/h/howarju01.html
2000-01,Karl Malone*,PF,malonka01,37,81,2895,24.7,0.572,0.004,0.503,5,23.3,14.3,24.1,1.7,1.7,12.9,30,9.1,4,13.1,0.217,4.2,1.7,5.9,5.8,http://www.basketball-reference.com/players/m/malonka01.html
2000-01,Keith Van Horn,SF,vanhoke01,25,49,1733,15.5,0.526,0.24,0.263,5,18.3,11.5,9,1.2,0.9,11.5,23.4,1.7,1.2,2.8,0.079,0.2,-1.5,-1.3,0.3,http://www.basketball-reference.com/players/v/vanhoke01.html
2000-01,Kelvin Cato,C,catoke01,26,35,624,13,0.606,0,0.514,8.9,17,13.1,2.8,1.1,3.4,15.5,11.9,1,0.7,1.7,0.128,-1.4,0.8,-0.6,0.2,http://www.basketball-reference.com/players/c/catoke01.html
2000-01,Kendall Gill,SG,gillke01,32,31,892,10.1,0.39,0.043,0.279,4,13.1,8.4,16.7,2.8,0.6,11.7,20.9,-1.1,0.8,-0.4,-0.021,-3.6,0.2,-3.5,-0.3,http://www.basketball-reference.com/players/g/gillke01.html
2000-01,Kenny Anderson,PG,anderke01,30,33,849,12.2,0.476,0.145,0.313,2.1,8.2,5,26.5,2.7,0.2,16.8,16.6,0.4,0.7,1.1,0.063,-2,-1.3,-3.2,-0.3,http://www.basketball-reference.com/players/a/anderke01.html
2000-01,Kenny Thomas,PF,thomake01,23,74,1820,11.2,0.507,0.198,0.271,8,18.3,13.3,6.7,1.2,1.6,18.2,16.1,0.5,1.7,2.2,0.058,-1.9,0.4,-1.5,0.2,http://www.basketball-reference.com/players/t/thomake01.html
2000-01,Kenyon Martin,PF,martike01,23,68,2272,13.4,0.472,0.014,0.247,6.7,19,12.7,10.4,1.8,3.7,13.8,19.9,-0.4,2.5,2.1,0.044,-2.6,1.9,-0.7,0.8,http://www.basketball-reference.com/players/m/martike01.html
2000-01,Keon Clark,PF,clarkke01,25,54,1146.666667,15.26666667,0.506333333,0.001666667,0.470666667,8.6,19.53333333,13.93333333,6.8,1,6.1,13,18.5,1,1.5,2.466666667,0.098666667,-2.466666667,2,-0.5,0.5,http://www.basketball-reference.com/players/c/clarkke01.html
2000-01,Kevin Edwards,SG,edwarke01,35,46,634,8.3,0.414,0.112,0.312,4.2,10.6,7.4,12.9,2.4,0.9,16.1,16.6,-0.6,0.5,-0.1,-0.011,-4.6,0.2,-4.4,-0.4,http://www.basketball-reference.com/players/e/edwarke01.html
2000-01,Kevin Garnett,PF,garneke01,24,81,3202,23.9,0.531,0.045,0.317,7.7,25.3,16.4,21.8,1.8,3.2,12,27,7,4.8,11.8,0.176,3,2.7,5.7,6.2,http://www.basketball-reference.com/players/g/garneke01.html
2000-01,Kevin Ollie,PG,ollieke01,28,46.66666667,616.6666667,9.066666667,0.424333333,0.011333333,0.530666667,2.033333333,10.96666667,6.433333333,24.1,1.666666667,0.066666667,18.26666667,13.4,0.333333333,0.633333333,0.966666667,0.043333333,-3.866666667,-0.8,-4.633333333,-0.233333333,http://www.basketball-reference.com/players/o/ollieke01.html
2000-01,Kevin Willis,C,willike02,38,52,1220,14.66666667,0.481333333,0.008666667,0.223666667,10.4,21.93333333,16.06666667,4.6,1.6,1.966666667,10.46666667,20.46666667,0.733333333,1.333333333,2.066666667,0.083333333,-2.533333333,-0.7,-3.266666667,-0.4,http://www.basketball-reference.com/players/w/willike02.html
2000-01,Keyon Dooling,PG,doolike01,20,76,1237,12.6,0.509,0.221,0.494,0.8,7.3,4.1,23.7,1.8,0.6,17.6,20,0.8,0.7,1.4,0.056,-1.2,-2.2,-3.4,-0.4,http://www.basketball-reference.com/players/d/doolike01.html
2000-01,Khalid El-Amin,PG,elamikh01,21,50,936,12.2,0.458,0.27,0.232,2.6,7.9,5.1,27.5,2.8,0.2,13.6,19.7,0.2,0.4,0.6,0.03,-1,-2.7,-3.8,-0.4,http://www.basketball-reference.com/players/e/elamikh01.html
2000-01,Kobe Bryant,SG,bryanko01,22,68,2783,24.5,0.552,0.132,0.369,4.3,11.8,8.1,23,2.1,1.1,11.1,31.8,9.2,2.2,11.3,0.196,5.3,-1,4.2,4.4,http://www.basketball-reference.com/players/b/bryanko01.html
2000-01,Kornel David,SF,davidko01,29,18,139.3333333,12.03333333,0.535666667,0,0.234333333,8,20.16666667,13.93333333,5.7,1.733333333,1.266666667,16.13333333,14.63333333,0.133333333,0.133333333,0.266666667,0.096333333,-3.2,0.133333333,-3.1,-0.066666667,http://www.basketball-reference.com/players/d/davidko01.html
2000-01,Kurt Thomas,PF,thomaku01,28,77,2125,16.9,0.566,0.005,0.342,10.1,18.9,14.6,5.4,1.6,2.6,12.3,18.5,4.1,4.1,8.2,0.185,0,2.1,2.1,2.2,http://www.basketball-reference.com/players/t/thomaku01.html
2000-01,LaPhonso Ellis,PF,ellisla01,30,82,1948,16,0.524,0.034,0.333,11.6,17.5,14.5,7.5,1.8,2.7,12.8,19.6,2.9,2.3,5.2,0.127,-0.3,0.5,0.2,1.1,http://www.basketball-reference.com/players/e/ellisla01.html
2000-01,Lamar Odom,PF,odomla01,21,76,2836,18.9,0.536,0.242,0.369,4.6,18.9,11.9,25,1.4,3,17.8,24.1,3.2,3.3,6.5,0.111,2.4,2.2,4.6,4.6,http://www.basketball-reference.com/players/o/odomla01.html
2000-01,Lamond Murray,SF,murrala01,27,78,2225,13.9,0.49,0.178,0.228,5.4,12.3,8.9,10.1,2,0.9,12.2,23.5,0.8,1.5,2.3,0.05,-0.3,-1,-1.3,0.4,http://www.basketball-reference.com/players/m/murrala01.html
2000-01,Lari Ketner,PF,ketnela01,23,3,7,-10.6,,,,0,0,0,20.2,0,0,100,13.3,-0.1,0,-0.1,-0.383,-19.5,-5.2,-24.7,0,http://www.basketball-reference.com/players/k/ketnela01.html
2000-01,Laron Profit,PG,profila01,23,35,605,11.7,0.47,0.183,0.317,3.4,9.1,6.2,23.5,3.1,1.3,22.1,15.3,-0.1,0.4,0.3,0.023,-1.9,-0.1,-1.9,0,http://www.basketball-reference.com/players/p/profila01.html
2000-01,Larry Hughes,SG,hughela01,22,50,1846,13.9,0.449,0.093,0.313,4,12.5,7.9,21,2.7,1.1,14.2,24.4,-0.4,1.1,0.6,0.017,-0.9,0,-0.9,0.5,http://www.basketball-reference.com/players/h/hughela01.html
2000-01,Larry Johnson,PF,johnsla02,31,65,2105,11.2,0.493,0.273,0.214,5.3,15.2,10.4,10.5,1,1.1,12.9,17.4,1,3.1,4.1,0.093,-0.7,1.5,0.7,1.4,http://www.basketball-reference.com/players/j/johnsla02.html
2000-01,Larry Robinson,PG,robinla01,33,33,631,11.9,0.511,0.63,0.13,4,11.4,7.7,9.2,2.3,0.2,11,15.5,0.6,0.5,1.1,0.085,0.8,-0.6,0.2,0.4,http://www.basketball-reference.com/players/r/robinla01.html
2000-01,Larry Robinson,PG-SG,robinla01,33,34,632,11.8,0.511,0.63,0.13,4,11.4,7.7,9.1,2.3,0.2,11.4,15.5,0.6,0.5,1.1,0.083,0.7,-0.6,0.1,0.3,http://www.basketball-reference.com/players/r/robinla01.html
2000-01,Larry Robinson,SG,robinla01,33,1,1,-54.4,,,,0,0,0,0,0,0,100,45.2,0,0,0,-1.521,-48.1,0.1,-48,0,http://www.basketball-reference.com/players/r/robinla01.html
2000-01,Latrell Sprewell,SF,sprewla01,30,77,3017,15.1,0.497,0.111,0.288,2,11.6,7,17.2,1.9,0.8,13.7,25.8,0.5,4.6,5.1,0.082,-0.6,1.1,0.5,1.9,http://www.basketball-reference.com/players/s/sprewla01.html
2000-01,Lavor Postell,SG,postela01,22,26,169,7.2,0.448,0.204,0.5,5.9,11.8,8.9,5,1.3,1,20.5,24,-0.3,0.2,-0.1,-0.027,-6.4,-1.4,-7.9,-0.2,http://www.basketball-reference.com/players/p/postela01.html
2000-01,Lawrence Funderburke,PF,fundela01,30,59,698,16.1,0.522,0,0.318,11.7,18.3,15.1,4,0.7,1.2,10.4,19.5,1,0.9,1.9,0.129,-2.2,-2,-4.2,-0.4,http://www.basketball-reference.com/players/f/fundela01.html
2000-01,Lee Nailon,SF,nailole01,25,42,469,11.7,0.529,0.007,0.316,7.1,15.3,11.2,9.1,1,0.8,14.8,17.9,0.4,0.6,0.9,0.096,-3.1,-0.9,-4.1,-0.2,http://www.basketball-reference.com/players/n/nailole01.html
2000-01,Lindsey Hunter,PG,hunteli01,30,82,2002,14.8,0.5,0.52,0.123,1.8,7.7,4.8,17.4,2.7,0.4,7.6,20.2,3.1,1.4,4.6,0.109,2.3,-1.8,0.5,1.3,http://www.basketball-reference.com/players/h/hunteli01.html
2000-01,Lorenzen Wright,C,wrighlo02,25,71,1988,15.7,0.486,0.002,0.266,10,20,15,8,1.1,2.3,12.1,23.2,1.1,2,3.2,0.077,-1.6,-0.1,-1.7,0.1,http://www.basketball-reference.com/players/w/wrighlo02.html
2000-01,Loy Vaught,PF,vaughlo01,32,34,366,14,0.496,0,0.064,10.86666667,25,17.96666667,7.066666667,2,0.9,13.2,16.4,0.2,0.5,0.666666667,0.093666667,-2.266666667,-0.033333333,-2.3,-0.066666667,http://www.basketball-reference.com/players/v/vaughlo01.html
2000-01,Luc Longley,C,longllu01,32,25,301,3.7,0.399,0,0.315,10.8,15.6,13.3,3.7,0.6,2.4,26.4,13.6,-0.5,0.5,0,0,-6.4,1.4,-5.1,-0.2,http://www.basketball-reference.com/players/l/longllu01.html
2000-01,Lucious Harris,SG,harrilu01,30,73,2071,12.9,0.498,0.212,0.223,3.8,12.4,8,11.3,1.9,0.6,8.5,16.4,2,1.2,3.1,0.073,-0.5,-0.5,-0.9,0.6,http://www.basketball-reference.com/players/h/harrilu01.html
2000-01,Mahmoud Abdul-Rauf,PG,abdulma02,31,41,486,16.7,0.514,0.057,0.118,1.2,4.7,2.9,32.7,1,0.1,9.1,26.8,0.7,0,0.7,0.07,0.8,-5.3,-4.5,-0.3,http://www.basketball-reference.com/players/a/abdulma02.html
2000-01,Malik Rose,PF,rosema01,26,57,1219,14.8,0.498,0.046,0.435,9.3,18.8,14.3,6.6,2.6,2.3,14.4,19.8,0.7,2.6,3.3,0.131,-1.7,2.5,0.8,0.9,http://www.basketball-reference.com/players/r/rosema01.html
2000-01,Mamadou N'Diaye,C,ndiayma02,25,3,10,6.6,0.41,0,0.5,11,11.6,11.3,0,0,0,0,21.8,0,0,0,0.083,-5.2,-8.3,-13.6,0,http://www.basketball-reference.com/players/n/ndiayma02.html
2000-01,Marc Jackson,C,jacksma02,26,48,1410,16.1,0.534,0.045,0.378,8.3,19.8,13.6,7.3,1.2,1.4,13.6,20.5,1.9,0.7,2.6,0.089,-1.1,-1.2,-2.4,-0.1,http://www.basketball-reference.com/players/j/jacksma02.html
2000-01,Marcus Camby,C,cambyma01,26,63,2127,20.9,0.559,0.014,0.388,11.5,29,20.5,4.5,1.7,5.2,8.5,17,4.8,5.5,10.3,0.233,0.1,4.1,4.2,3.3,http://www.basketball-reference.com/players/c/cambyma01.html
2000-01,Marcus Fizer,PF,fizerma01,22,72,1580,11,0.476,0.06,0.249,5.5,18.5,11.8,9.4,1,0.9,14.7,24.7,-1.3,0.6,-0.7,-0.022,-4.3,-2.9,-7.2,-2.1,http://www.basketball-reference.com/players/f/fizerma01.html
2000-01,Mario Elie,SG,eliema01,37,68,1506,9.3,0.541,0.407,0.28,2.8,9,5.8,12.9,2,0.6,17.8,10,1.1,2,3.1,0.097,-1.6,1.5,-0.2,0.7,http://www.basketball-reference.com/players/e/eliema01.html
2000-01,Mark Blount,C,blounma01,25,64,1098,11.1,0.541,0,0.33,9.9,14.9,12.3,4.8,1.8,5.3,21.3,12,0.5,1.4,1.9,0.084,-3.4,2.6,-0.8,0.3,http://www.basketball-reference.com/players/b/blounma01.html
2000-01,Mark Bryant,PF,bryanma01,35,18,101,2.1,0.428,0,0.25,4.5,18.3,11.6,4.2,0.5,1.4,18.4,12.2,-0.1,0.1,0,0.005,-6.2,-0.5,-6.6,-0.1,http://www.basketball-reference.com/players/b/bryanma01.html
2000-01,Mark Jackson,PG,jacksma01,35,55.33333333,1725.333333,14.33333333,0.495666667,0.332333333,0.147666667,2.9,11.63333333,7.266666667,38.43333333,1.666666667,0.166666667,22.2,14.4,2.4,1.566666667,3.933333333,0.103,0.333333333,-0.833333333,-0.5,0.666666667,http://www.basketball-reference.com/players/j/jacksma01.html
2000-01,Mark Madsen,PF,madsema01,25,70,641,9.2,0.53,0.009,0.327,13.2,13.6,13.4,5.4,0.7,0.9,17.3,10.9,0.8,0.3,1.1,0.085,-1.4,-1.4,-2.8,-0.1,http://www.basketball-reference.com/players/m/madsema01.html
2000-01,Mark Pope,PF,popema01,28,63,942,7.2,0.48,0.169,0.246,6.8,10.9,8.8,5.6,0.9,2,9.7,8.4,0.8,0.5,1.3,0.068,-2,0.2,-1.7,0.1,http://www.basketball-reference.com/players/p/popema01.html
2000-01,Mark Strickland,SF,stricma01,30,36.66666667,479.3333333,11.13333333,0.458666667,0.010666667,0.272,7.7,16.9,12.2,5.633333333,1.133333333,1.9,11.96666667,18.23333333,0.066666667,0.333333333,0.4,0.028333333,-4.233333333,-1.266666667,-5.533333333,-0.4,http://www.basketball-reference.com/players/s/stricma01.html
2000-01,Mateen Cleaves,PG,cleavma01,23,78,1268,9,0.458,0.043,0.343,2.2,9.1,5.6,26.8,2,0.1,23.2,20.5,-1.3,1.2,-0.1,-0.006,-4.1,-1,-5.2,-1,http://www.basketball-reference.com/players/c/cleavma01.html
2000-01,Matt Bullard,PF,bullama01,33,61,1000,13,0.569,0.698,0.046,2.6,12.2,7.5,6.9,0.5,0.6,3.7,14.9,2.2,0.4,2.6,0.125,2.2,-2.6,-0.3,0.4,http://www.basketball-reference.com/players/b/bullama01.html
2000-01,Matt Geiger,C,geigema01,31,35,542,11.5,0.43,0.009,0.241,10.6,18.2,14.5,4.5,1.2,1.1,9.2,22.8,-0.1,0.8,0.7,0.065,-4,-1.5,-5.5,-0.5,http://www.basketball-reference.com/players/g/geigema01.html
2000-01,Matt Harpring,SG,harprma01,24,56,1615,13.3,0.522,0.099,0.315,6.5,10.9,8.7,10.9,1.4,0.8,13.1,19.2,1.8,0.8,2.6,0.077,0.2,-0.8,-0.6,0.6,http://www.basketball-reference.com/players/h/harprma01.html
2000-01,Matt Maloney,PG,malonma01,29,55,1403,10.4,0.508,0.408,0.098,1.1,8.2,4.6,17.6,2.1,0.3,16.2,13.8,0.7,0.8,1.5,0.053,-0.7,-0.5,-1.2,0.3,http://www.basketball-reference.com/players/m/malonma01.html
2000-01,Maurice Taylor,SF,tayloma01,24,69,1972,14.9,0.518,0.005,0.203,6.6,15.4,11.1,9.7,0.8,1.3,12.6,23.2,1.8,1.4,3.2,0.077,-1.2,-1.1,-2.2,-0.1,http://www.basketball-reference.com/players/t/tayloma01.html
2000-01,Metta World Peace,SF,artesro01,21,76,2363,13.6,0.483,0.182,0.344,2.9,12.3,7.4,17.6,3.5,1.4,14.5,21.6,-0.1,2,1.9,0.039,-1.1,0.3,-0.7,0.7,http://www.basketball-reference.com/players/a/artesro01.html
2000-01,Michael Curry,SG,currymi01,32,68,1485,7.5,0.507,0.028,0.229,1.5,7.4,4.4,13.9,0.9,0.1,14.8,12,0.8,0.9,1.7,0.055,-2.9,-0.7,-3.6,-0.6,http://www.basketball-reference.com/players/c/currymi01.html
2000-01,Michael Dickerson,SG,dickemi01,25,70,2618,12.4,0.501,0.225,0.265,3.1,6.9,5,15.8,1.2,0.7,12.5,22.7,1.2,0.7,1.8,0.034,0,-1.6,-1.6,0.2,http://www.basketball-reference.com/players/d/dickemi01.html
2000-01,Michael Doleac,C,doleami01,23,77,1398,9.9,0.443,0.006,0.112,5.4,16.5,10.8,7.8,1.4,2.2,9.6,19.4,-0.2,1.7,1.5,0.05,-4.2,-0.3,-4.4,-0.9,http://www.basketball-reference.com/players/d/doleami01.html
2000-01,Michael Finley,SF,finlemi01,27,82,3443,18.2,0.521,0.169,0.209,3.6,10,6.9,18.3,1.8,0.7,10.1,24.9,5.6,2.9,8.5,0.119,2.5,-0.2,2.3,3.7,http://www.basketball-reference.com/players/f/finlemi01.html
2000-01,Michael Hawkins,PG,hawkimi01,28,10,76,3.7,0.444,0.444,0,3.1,4.6,3.8,24.8,1.4,0,40,8.9,0,0,0,-0.022,-4.5,-3,-7.5,-0.1,http://www.basketball-reference.com/players/h/hawkimi01.html
2000-01,Michael Olowokandi,C,olowomi01,25,82,2127,10,0.451,0,0.22,9.3,18.7,14.1,3.7,0.8,3.6,17.9,20.5,-2.6,2.2,-0.4,-0.008,-5.1,0.2,-4.9,-1.6,http://www.basketball-reference.com/players/o/olowomi01.html
2000-01,Michael Redd,SG,reddmi01,21,6,35,3.4,0.3,0.158,0.316,9.8,3.2,6.5,4.4,1.5,0,4.4,29.3,-0.1,0,-0.1,-0.163,-7.8,-6.5,-14.3,-0.1,http://www.basketball-reference.com/players/r/reddmi01.html
2000-01,Michael Ruffin,PF,ruffimi01,24,45,879,10.1,0.48,0,0.856,13.1,22.6,17.7,6.9,1.8,3.2,27.1,9,0.2,0.9,1,0.056,-3.8,2.1,-1.7,0.1,http://www.basketball-reference.com/players/r/ruffimi01.html
2000-01,Michael Smith,PF,smithmi02,28,79,1610,14,0.527,0.005,0.706,12.3,28.9,20.4,9.6,1.8,1.6,17.8,9.6,2,1.6,3.6,0.108,-0.9,2,1.1,1.3,http://www.basketball-reference.com/players/s/smithmi02.html
2000-01,Michael Stewart,C,stewami01,25,26,123,8.7,0.394,0,0.529,14.3,12.2,13.3,2.4,1.7,1.7,10.7,17.1,0,0.1,0.1,0.036,-4.2,-1.8,-6,-0.1,http://www.basketball-reference.com/players/s/stewami01.html
2000-01,Mike Bibby,PG,bibbymi01,22,82,3190,16.8,0.525,0.246,0.162,1.7,9.2,5.5,38.3,1.8,0.3,16.7,21.3,4,1.4,5.3,0.081,2.3,-1.6,0.7,2.2,http://www.basketball-reference.com/players/b/bibbymi01.html
2000-01,Mike Miller,SF,millemi01,20,82,2390,13.2,0.541,0.431,0.151,3,12.4,7.6,9.7,1.1,0.6,9.7,18.5,3.3,1.9,5.3,0.106,1.1,-1.5,-0.4,1,http://www.basketball-reference.com/players/m/millemi01.html
2000-01,Mike Penberthy,PG,penbemi01,26,53,851,11.2,0.567,0.626,0.14,1.3,7,4.2,12.4,1.4,0.2,12.6,14.2,1.3,0.2,1.6,0.088,0.8,-2.8,-2,0,http://www.basketball-reference.com/players/p/penbemi01.html
2000-01,Mike Smith,SF,smithmi03,24,17,180,8.1,0.386,0.305,0.271,6.4,7.9,7.2,9,1.4,1.2,9.6,18.1,-0.1,0,-0.1,-0.033,-3,-2.5,-5.5,-0.2,http://www.basketball-reference.com/players/s/smithmi03.html
2000-01,Mikki Moore,C,mooremi01,25,81,1154,12.9,0.552,0.004,0.485,11,18.4,14.7,4.6,1.1,3.7,18.5,15,1.1,1.6,2.8,0.116,-2.7,1.4,-1.2,0.2,http://www.basketball-reference.com/players/m/mooremi01.html
2000-01,Milt Palacio,PG,palacmi01,22,58,1141,12.3,0.556,0.135,0.345,2.4,8.2,5.2,22.5,2.2,0,20.6,15.4,1.1,0.7,1.8,0.076,-1.8,-1.7,-3.5,-0.4,http://www.basketball-reference.com/players/p/palacmi01.html
2000-01,Mitch Richmond*,SG,richmmi01,35,37,1216,14.9,0.521,0.264,0.317,1.4,9.2,5.2,16.6,1.8,0.4,12.8,24.1,1.4,0.2,1.6,0.065,1.1,-2.5,-1.4,0.2,http://www.basketball-reference.com/players/r/richmmi01.html
2000-01,Monty Williams,SF,willimo01,29,82,1211,11,0.485,0.036,0.365,7.7,14.7,11.1,10.5,1.2,1,16.7,18.5,0.1,1.2,1.3,0.051,-3.2,-0.8,-3.9,-0.6,http://www.basketball-reference.com/players/w/willimo01.html
2000-01,Moochie Norris,PG,norrimo01,27,82,1654,16.2,0.546,0.215,0.47,3.2,10.5,6.9,27.1,2.2,0.1,17.7,16.8,3.1,1.2,4.4,0.126,1,-0.9,0.1,0.9,http://www.basketball-reference.com/players/n/norrimo01.html
2000-01,Mookie Blaylock,PG,blaylmo01,33,69,2352,15.8,0.455,0.281,0.095,3,9.9,6.1,32.3,3.5,0.6,13.3,17.3,1.9,1.6,3.5,0.071,1.1,-0.3,0.8,1.7,http://www.basketball-reference.com/players/b/blaylmo01.html
2000-01,Morris Peterson,SG,petermo01,23,80,1809,14.1,0.507,0.245,0.215,6.8,9.4,8.1,9.6,1.8,0.8,9.6,20.1,2.3,1.3,3.6,0.096,1,-1.1,-0.1,0.8,http://www.basketball-reference.com/players/p/petermo01.html
2000-01,Muggsy Bogues,PG,boguemu01,36,3,34,-0.5,0,0.5,0,0,10.2,5,19.3,3.1,0,66.7,7.9,-0.1,0,-0.1,-0.128,-9.7,1.5,-8.3,-0.1,http://www.basketball-reference.com/players/b/boguemu01.html
2000-01,Nazr Mohammed,C,mohamna01,23,38.66666667,608,18.26666667,0.51,0.002333333,0.336,13.23333333,22.93333333,18.1,3.433333333,1.666666667,2.733333333,11.93333333,24.3,0.733333333,0.933333333,1.666666667,0.126,-2.1,-1.266666667,-3.366666667,-0.066666667,http://www.basketball-reference.com/players/m/mohamna01.html
2000-01,Nick Anderson,SG,anderni01,33,21,169,6.4,0.333,0.684,0,2,13.7,8,11,3,1.6,10.9,16.7,-0.3,0.3,0,-0.011,-4,0.9,-3.1,0,http://www.basketball-reference.com/players/a/anderni01.html
2000-01,Nick Van Exel,PG,vanexni01,29,71,2688,18.5,0.515,0.322,0.224,1.8,8.1,4.9,38.4,1.2,0.5,11.9,23,6.1,0.3,6.4,0.114,4,-2.9,1.1,2.1,http://www.basketball-reference.com/players/v/vanexni01.html
2000-01,Obinna Ekezie,PF,ekeziob01,25,22,187.3333333,1.9,0.329,0,0.447333333,8.566666667,22.26666667,15.5,3.6,0.6,0.866666667,8,20.06666667,0.2,0.066666667,0.266666667,-0.11,-9.233333333,-4.3,-13.56666667,-0.166666667,http://www.basketball-reference.com/players/e/ekeziob01.html
2000-01,Olden Polynice,C,polynol01,36,81,1619,9.9,0.484,0.002,0.157,12.3,16.6,14.5,3.1,0.9,3.9,15,14.8,0.2,1.8,2,0.058,-2.4,0.8,-1.6,0.2,http://www.basketball-reference.com/players/p/polynol01.html
2000-01,Olumide Oyedeji,C,oyedeol01,19,30,221,10.6,0.532,0,0.324,12.5,22.2,17.4,1.3,1.7,3.3,20.6,10.9,0.1,0.3,0.4,0.09,-3.7,-0.2,-3.9,-0.1,http://www.basketball-reference.com/players/o/oyedeol01.html
2000-01,Othella Harrington,C,harriot01,27,49.33333333,1210,12.2,0.562333333,0.004666667,0.473333333,8.9,15.26666667,12.13333333,5.533333333,1.1,2,19.73333333,18.83333333,0.533333333,1.133333333,1.666666667,0.080666667,-2.466666667,0.4,-2.1,-0.2,http://www.basketball-reference.com/players/h/harriot01.html
2000-01,Otis Thorpe,PF,thorpot01,38,49,647,7.6,0.487,0,0.183,8.9,16.7,12.8,7.3,1,0.8,18.4,12.4,0.1,0.8,1,0.071,-4.1,0.2,-3.9,-0.3,http://www.basketball-reference.com/players/t/thorpot01.html
2000-01,P.J. Brown,C,brownpj01,31,80,2811,13.3,0.518,0.007,0.373,10.5,19.6,15.1,7.3,1.5,2.4,14.2,12.5,3.4,4.7,8,0.137,-1.3,2.8,1.5,2.5,http://www.basketball-reference.com/players/b/brownpj01.html
2000-01,Pat Garrity,SF,garripa01,24,76,1579,10.1,0.507,0.389,0.17,3.5,11.4,7.4,5.3,1.3,0.7,9.9,19.2,1.2,1.3,2.5,0.076,-1.1,-2.2,-3.3,-0.5,http://www.basketball-reference.com/players/g/garripa01.html
2000-01,Patrick Ewing*,C,ewingpa01,38,79,2107,12.9,0.478,0.003,0.367,6.8,25,15.9,7,1.3,3.1,16,20.3,-0.5,2.5,2,0.046,-4.1,0.6,-3.4,-0.8,http://www.basketball-reference.com/players/e/ewingpa01.html
2000-01,Paul McPherson,PG,mcphepa01,22,36.66666667,396.6666667,13.7,0.541333333,0.056333333,0.267333333,7,7.5,7.266666667,11.66666667,2.166666667,0.466666667,16.4,21.06666667,0.266666667,0.3,0.6,0.073666667,-1.366666667,-1.433333333,-2.8,-0.066666667,http://www.basketball-reference.com/players/m/mcphepa01.html
2000-01,Paul Pierce,SF,piercpa01,23,82,3120,22.3,0.563,0.254,0.488,3.4,16.7,9.8,16.9,2.3,1.7,12.5,30.6,6.9,3.5,10.4,0.16,3.7,-0.5,3.2,4.1,http://www.basketball-reference.com/players/p/piercpa01.html
2000-01,Peja Stojakovic,SF,stojape01,23,75,2905,18.4,0.576,0.303,0.262,3.5,12.3,8,9.6,1.6,0.3,9.9,22.4,6.8,3.3,10.1,0.168,3,-0.6,2.5,3.2,http://www.basketball-reference.com/players/s/stojape01.html
2000-01,Pepe Sanchez,PG,sanchpe01,23,19.33333333,100,8.5,0.267666667,0.028,0.055333333,2.533333333,6.8,4.666666667,36.33333333,3.7,0.366666667,19.76666667,11.1,0.066666667,0.133333333,0.2,0.023333333,-4.966666667,-0.7,-5.7,-0.066666667,http://www.basketball-reference.com/players/s/sanchpe01.html
2000-01,Pervis Ellison,C,ellispe01,33,9,40,2.4,0.381,0,0.286,5.8,28.6,17.2,10.5,0,3.6,27.6,12.3,-0.1,0,0,-0.013,-7.6,1,-6.6,0,http://www.basketball-reference.com/players/e/ellispe01.html
2000-01,Popeye Jones,PF,jonespo01,30,45,638,13.1,0.457,0.039,0.359,14.9,25.6,20.2,7.8,1.5,0.9,10.6,13.8,0.8,0.5,1.2,0.094,-1.2,-0.4,-1.6,0.1,http://www.basketball-reference.com/players/j/jonespo01.html
2000-01,Quentin Richardson,SG,richaqu01,20,76,1358,16.5,0.516,0.288,0.301,9.1,12.5,10.8,8.3,1.7,0.4,9.7,22.4,2.1,1,3,0.106,1.6,-1.9,-0.3,0.6,http://www.basketball-reference.com/players/r/richaqu01.html
2000-01,Quincy Lewis,SF,lewisqu01,23,35,402,7.1,0.469,0.203,0.171,4.4,10,7.2,7.2,1.3,2,11.4,17.1,0,0.3,0.3,0.041,-2.5,-0.8,-3.3,-0.1,http://www.basketball-reference.com/players/l/lewisqu01.html
2000-01,Raef LaFrentz,C,lafrera01,24,78,2457,17.6,0.544,0.171,0.323,7.6,19.4,13.4,7.3,0.8,5.8,9.5,18.6,4.3,2.5,6.8,0.132,0.2,1.8,2,2.5,http://www.basketball-reference.com/players/l/lafrera01.html
2000-01,Rafer Alston,PG,alstora01,24,37,288,12.1,0.429,0.357,0.155,1.6,10.6,6.1,34.6,2.4,0,18.2,17.2,0.1,0.2,0.3,0.055,-1.8,-2.7,-4.5,-0.2,http://www.basketball-reference.com/players/a/alstora01.html
2000-01,Raja Bell,SG,bellra01,24,5,30,-0.6,0.357,0.429,0,0,3.7,1.9,0,1.8,0,22.2,13.6,-0.1,0,-0.1,-0.091,-7.7,-1.4,-9.1,-0.1,http://www.basketball-reference.com/players/b/bellra01.html
2000-01,Randy Brown,PG,brownra02,32,54,1238,8.2,0.438,0.013,0.169,2.1,7.5,4.7,20.1,2.6,0.6,18,11.4,-0.1,1,0.9,0.034,-3.8,-0.1,-3.9,-0.6,http://www.basketball-reference.com/players/b/brownra02.html
2000-01,Randy Livingston,PG,livinra01,25,2,7,-3.7,0,0.5,0,0,16.5,7.6,19.2,0,0,0,12.1,0,0,0,-0.222,-10.8,-3.5,-14.3,0,http://www.basketball-reference.com/players/l/livinra01.html
2000-01,Rashard Lewis,PF,lewisra02,21,78,2720,17.3,0.587,0.321,0.24,6.1,16.7,11.4,7.6,1.8,1.2,11.6,18.4,5.9,2.1,8,0.142,2.6,-0.2,2.5,3.1,http://www.basketball-reference.com/players/l/lewisra02.html
2000-01,Rasheed Wallace,PF,wallara01,26,77,2940,20.9,0.56,0.138,0.272,6.2,17.9,12.2,12.9,1.6,3.4,10.7,23.4,6.8,4.2,11,0.18,2.5,1.6,4.1,4.5,http://www.basketball-reference.com/players/w/wallara01.html
2000-01,Rasho Nesterovic,C,nestera01,24,73,1233,10.4,0.472,0.003,0.204,9.1,17.5,13.2,5.4,1.1,3.6,13.7,14.8,0.2,1.3,1.5,0.06,-3.4,0.7,-2.7,-0.2,http://www.basketball-reference.com/players/n/nestera01.html
2000-01,Ray Allen,SG,allenra02,25,82,3129,22.9,0.61,0.357,0.299,3.7,11.8,7.8,20.4,2.1,0.5,12.1,24.4,11.5,2.2,13.7,0.211,6.5,-0.9,5.6,6,http://www.basketball-reference.com/players/a/allenra02.html
2000-01,Reggie Miller*,SG,millere01,35,81,3181,17.3,0.574,0.395,0.296,1.4,8.5,5.1,15,1.4,0.3,9.1,21.5,8.1,2.2,10.3,0.155,3.9,-1.5,2.4,3.5,http://www.basketball-reference.com/players/m/millere01.html
2000-01,Reggie Slater,PF,slatere01,30,55,686,14.1,0.568,0,0.629,12.9,18.2,15.5,5.7,1.4,0.9,16.1,17.6,1.2,0.7,1.8,0.129,-0.9,-1.4,-2.3,-0.1,http://www.basketball-reference.com/players/s/slatere01.html
2000-01,Richard Hamilton,SF,hamilri01,22,78,2519,15.7,0.508,0.117,0.255,3.4,7.7,5.5,17.7,1.5,0.3,12.6,28.1,2.3,0.1,2.4,0.046,0.9,-3.1,-2.2,-0.1,http://www.basketball-reference.com/players/h/hamilri01.html
2000-01,Rick Brunson,PG,brunsri01,28,14.66666667,138.6666667,6.566666667,0.392,0.243666667,0.283666667,3.4,10.4,6.9,23.23333333,1.8,0.3,22.56666667,18.2,-0.233333333,0.133333333,-0.1,-0.037333333,-5.433333333,-1.5,-6.933333333,-0.2,http://www.basketball-reference.com/players/b/brunsri01.html
2000-01,Rick Fox,SF,foxri01,31,82,2291,13.8,0.562,0.464,0.189,4,11.9,8,17.4,1.6,0.9,16.3,16.3,3.7,1.4,5.1,0.107,1.9,-0.7,1.1,1.8,http://www.basketball-reference.com/players/f/foxri01.html
2000-01,Ricky Davis,SG,davisri01,21,7,70,18.9,0.492,0.034,0.276,1.7,10.2,5.9,31,3.9,2.2,13.3,26,0.1,0.1,0.2,0.139,-1,1.3,0.3,0,http://www.basketball-reference.com/players/d/davisri01.html
2000-01,Robert Horry,PF,horryro01,30,79,1587,11,0.489,0.411,0.218,6.7,14.3,10.5,11.7,1.8,2.4,15.9,14,1.1,1.5,2.6,0.078,-0.5,0.8,0.3,0.9,http://www.basketball-reference.com/players/h/horryro01.html
2000-01,Robert Pack,PG,packro01,31,74,1260,14.8,0.493,0.073,0.322,2.6,9.3,5.9,38.2,2.7,0.1,21.7,22,0.4,0.7,1.1,0.043,-1.3,-2,-3.2,-0.4,http://www.basketball-reference.com/players/p/packro01.html
2000-01,Robert Traylor,C,traylro01,23,70,1212,14.1,0.521,0.006,0.435,11.9,16.8,14.3,8.7,2.1,4.6,20.2,18,0.3,1.5,1.9,0.074,-1.6,2.3,0.8,0.8,http://www.basketball-reference.com/players/t/traylro01.html
2000-01,Rod Strickland,PG,stricro02,34,36,914,15.23333333,0.481,0.032666667,0.370666667,3.266666667,8.766666667,6,35.96666667,1.9,0.266666667,17.6,19.56666667,1.1,0.333333333,1.466666667,0.071,-0.233333333,-2.166666667,-2.4,0.066666667,http://www.basketball-reference.com/players/s/stricro02.html
2000-01,Rodney Buford,SF,buforro01,23,47,573,11.3,0.489,0.158,0.12,3.2,11.2,7.3,5.4,1.6,0.8,10.3,22.3,0.1,0.7,0.8,0.071,-2.7,-1.6,-4.3,-0.3,http://www.basketball-reference.com/players/b/buforro01.html
2000-01,Rodney Rogers,SF,rogerro01,29,82,2183,14.6,0.507,0.216,0.282,4.8,14,9.3,14.5,2.3,1.6,13.8,23.3,1,3.7,4.7,0.104,-0.4,1.3,1,1.6,http://www.basketball-reference.com/players/r/rogerro01.html
2000-01,Ron Harper,PG,harpero01,37,47,1139,12.5,0.525,0.266,0.177,4.6,11.8,8.2,14.8,1.8,1.5,17.5,13.9,1,0.8,1.8,0.077,-0.4,0.2,-0.2,0.5,http://www.basketball-reference.com/players/h/harpero01.html
2000-01,Ron Mercer,SG,mercero01,24,61,2535,14.8,0.492,0.041,0.203,3.2,8,5.5,16.2,1.7,0.8,9.6,24.8,1.5,0.4,1.8,0.035,-0.2,-2.2,-2.3,-0.2,http://www.basketball-reference.com/players/m/mercero01.html
2000-01,Roshown McLeod,SF,mcleoro01,25,23.33333333,614.6666667,7.333333333,0.483333333,0.21,0.103,5.6,9.133333333,7.333333333,7.4,0.866666667,0.4,20.43333333,16.4,-0.066666667,0.333333333,0.266666667,0.006333333,-3.266666667,-1.666666667,-4.933333333,-0.2,http://www.basketball-reference.com/players/m/mcleoro01.html
2000-01,Ruben Garces,PF,garceru01,27,8.666666667,48.66666667,8.466666667,0.248333333,0,0.299,26.93333333,23.56666667,25.33333333,10.96666667,2.8,3.2,12.56666667,20.73333333,-0.066666667,0.066666667,0,-0.08,-5.833333333,2.033333333,-3.8,0,http://www.basketball-reference.com/players/g/garceru01.html
2000-01,Ruben Patterson,SF,patteru01,25,76,2059,19.3,0.544,0.048,0.482,10.3,11,10.7,13.4,2.6,1.6,14.6,23.3,3.8,1.7,5.5,0.128,1.9,0.3,2.2,2.2,http://www.basketball-reference.com/players/p/patteru01.html
2000-01,Ruben Wolkowyski,PF,wolkoru01,27,34,305,6.4,0.399,0.025,0.43,4.5,12.7,8.7,1.4,1,4.3,11.3,15.7,-0.3,0.2,-0.1,-0.012,-6.7,-0.9,-7.5,-0.4,http://www.basketball-reference.com/players/w/wolkoru01.html
2000-01,Ryan Bowen,SF,bowenry01,25,57,696,13.3,0.585,0.076,0.306,9.6,8.1,8.8,6.8,2.8,1.2,12.8,12,1.2,0.4,1.7,0.114,0.2,0.7,0.9,0.5,http://www.basketball-reference.com/players/b/bowenry01.html
2000-01,Sam Cassell,PG,cassesa01,31,76,2709,20.1,0.542,0.087,0.285,1.9,10.1,6.1,36.4,1.7,0.2,14.7,24.9,7,1.4,8.5,0.15,2.9,-1.9,1.1,2.1,http://www.basketball-reference.com/players/c/cassesa01.html
2000-01,Sam Jacobson,PG,jacobsa01,25,14,59,10.7,0.518,0,0.167,5.8,5.9,5.8,10.6,2.7,0,0,14.8,0.1,0,0.2,0.147,0.2,-1.6,-1.4,0,http://www.basketball-reference.com/players/j/jacobsa01.html
2000-01,Sam Mitchell,SF,mitchsa01,37,82,983,8.2,0.455,0.149,0.19,3.2,11.2,7.1,8.6,1.4,0.7,10.3,16.1,0,0.6,0.6,0.03,-3.4,-1.5,-4.9,-0.7,http://www.basketball-reference.com/players/m/mitchsa01.html
2000-01,Sam Perkins,PF,perkisa01,39,64,999,11.1,0.499,0.487,0.168,3.7,15,9.5,6.6,1.8,1.3,7.3,12.2,0.9,1.2,2,0.098,-1.4,0.4,-0.9,0.3,http://www.basketball-reference.com/players/p/perkisa01.html
2000-01,Samaki Walker,PF,walkesa01,24,61,963,12.2,0.524,0.012,0.492,8.3,19.7,14.3,5,0.6,2.9,18.2,18.3,0.2,1.7,1.9,0.093,-3.6,0.9,-2.6,-0.2,http://www.basketball-reference.com/players/w/walkesa01.html
2000-01,Scot Pollard,C,pollasc01,25,77,1658,15,0.53,0.005,0.433,11.5,18.5,15.1,4.2,1.5,3.9,12.3,14.3,2.5,2.9,5.4,0.157,-1.5,2.1,0.6,1.1,http://www.basketball-reference.com/players/p/pollasc01.html
2000-01,Scott Burrell,SF,burresc01,30,4,41,12.8,0.507,0.4,0.267,2.8,5.5,4.2,4.6,3.9,0,0,18.8,0.1,0.1,0.1,0.135,0.6,-1.6,-1,0,http://www.basketball-reference.com/players/b/burresc01.html
2000-01,Scott Padgett,PF,padgesc01,24,27,127,17.6,0.541,0.209,0.465,18.9,19.1,19,6.5,2.5,1.9,16.2,22.4,0.2,0.2,0.4,0.158,1.2,-0.7,0.5,0.1,http://www.basketball-reference.com/players/p/padgesc01.html
2000-01,Scott Williams,C,willisc01,32,66,1272,14.2,0.514,0.011,0.194,8.7,23.6,16.2,4.2,2,1.8,9.5,15.4,1.7,1.7,3.4,0.128,-2.1,0.1,-2,0,http://www.basketball-reference.com/players/w/willisc01.html
2000-01,Scottie Pippen*,SF,pippesc01,35,64,2133,15.3,0.541,0.312,0.27,4.1,14.2,9.3,21.8,2.4,1.2,18.8,17.9,2.4,2.7,5.1,0.115,1.3,1.5,2.7,2.6,http://www.basketball-reference.com/players/p/pippesc01.html
2000-01,Sean Colson,PG,colsose01,25,8.666666667,29.33333333,3.7,0.217333333,0.206333333,0.126,4.433333333,12.66666667,8.466666667,37.03333333,1,0,11.93333333,27.66666667,-0.066666667,0,-0.066666667,-0.169666667,-5.566666667,-3,-8.533333333,-0.033333333,http://www.basketball-reference.com/players/c/colsose01.html
2000-01,Sean Elliott,SF,elliose01,32,52,1229,12.4,0.544,0.381,0.248,1.6,13.4,7.8,10.8,1,1.4,11.9,16.3,1.3,1.7,3,0.118,0,0.8,0.8,0.9,http://www.basketball-reference.com/players/e/elliose01.html
2000-01,Sean Rooks,C,rooksse01,31,82,1553,11.5,0.487,0.005,0.362,6.9,15.2,11.2,8.1,1.2,2.9,13.7,15.8,0.8,1.5,2.3,0.07,-2.5,1.1,-1.3,0.3,http://www.basketball-reference.com/players/r/rooksse01.html
2000-01,Shammond Williams,PG,willish01,25,69,1238,15.4,0.569,0.361,0.261,3.2,9,6.1,24.2,1.3,0.2,16.7,17.9,2.6,0.3,2.9,0.112,1.6,-2.7,-1.1,0.3,http://www.basketball-reference.com/players/w/willish01.html
2000-01,Shandon Anderson,SG,andersh01,27,82,2396,11.9,0.528,0.288,0.319,3.6,12.3,8,12.5,1.8,1.2,16.3,15.4,1.9,2,3.9,0.078,-0.2,0.8,0.6,1.6,http://www.basketball-reference.com/players/a/andersh01.html
2000-01,Shaquille O'Neal*,C,onealsh01,28,74,2924,30.2,0.574,0.001,0.684,11.3,24.8,18.1,18.8,0.8,4.9,10.5,31.6,11.1,3.9,14.9,0.245,5.7,1.6,7.3,6.8,http://www.basketball-reference.com/players/o/onealsh01.html
2000-01,Shareef Abdur-Rahim,SF,abdursh01,24,81,3241,19.1,0.549,0.05,0.415,6.2,19.6,13,14.3,1.5,1.6,13.2,24.6,5.6,2.9,8.5,0.126,1.3,0.9,2.2,3.5,http://www.basketball-reference.com/players/a/abdursh01.html
2000-01,Shawn Bradley,C,bradlsh01,28,82,2001,16.2,0.551,0.013,0.398,9.2,24.4,17,2.8,0.9,8.1,14.3,13.9,2.5,3.8,6.3,0.151,-2.5,3.8,1.3,1.7,http://www.basketball-reference.com/players/b/bradlsh01.html
2000-01,Shawn Kemp,PF,kempsh01,31,68,1083,11.4,0.469,0.027,0.317,7.2,20.9,14.3,9.9,2.2,1.6,17.4,24.5,-0.8,1.7,0.9,0.041,-4.5,0.1,-4.4,-0.7,http://www.basketball-reference.com/players/k/kempsh01.html
2000-01,Shawn Marion,SF,mariosh01,22,79,2857,21,0.532,0.071,0.249,8.6,25.4,16.8,10.2,2.4,2.7,9.1,22.1,5.3,6.4,11.7,0.196,1,3.2,4.2,4.5,http://www.basketball-reference.com/players/m/mariosh01.html
2000-01,Shawnelle Scott,C,scottsh01,28,27,144,12,0.424,0,0.537,19,20.2,19.6,4.6,1.9,2.9,17.8,20.1,-0.1,0.3,0.2,0.071,-3.9,0.8,-3.1,0,http://www.basketball-reference.com/players/s/scottsh01.html
2000-01,Sherman Douglas,PG,douglsh01,34,59,1094,9.9,0.478,0.132,0.38,2.1,5.7,3.9,22.2,1.7,0.3,18.3,17.9,-0.1,0.3,0.2,0.007,-2.9,-2.7,-5.7,-1,http://www.basketball-reference.com/players/d/douglsh01.html
2000-01,Soumaila Samake,C,samakso01,22,34,226,9,0.393,0,0.5,10.9,16.2,13.5,0.7,0.5,4.6,6.4,12.6,0,0.2,0.1,0.028,-6,-1.5,-7.5,-0.3,http://www.basketball-reference.com/players/s/samakso01.html
2000-01,Stacey Augmon,SG,augmost01,32,66,1182,12.3,0.511,0.015,0.327,6.3,9.7,8,12.7,2.2,1.3,13.6,13.9,1.3,1.2,2.5,0.102,-1,0.9,-0.2,0.6,http://www.basketball-reference.com/players/a/augmost01.html
2000-01,Stanislav Medvedenko,PF,medvest01,21,7,39,21.8,0.528,0.04,0.48,2.9,22.9,13,10.8,1.3,1.8,9,38.2,0.1,0,0.1,0.126,-1.6,-4.7,-6.3,0,http://www.basketball-reference.com/players/m/medvest01.html
2000-01,Stephen Jackson,SF,jacksst02,22,77,1660,12.1,0.503,0.271,0.236,2.8,11.9,7.2,15.1,2.7,0.6,17.1,20.8,-0.4,1.3,0.9,0.026,-1.5,-0.7,-2.1,-0.1,http://www.basketball-reference.com/players/j/jacksst02.html
2000-01,Stephon Marbury,PG,marbust01,23,67,2557,22.7,0.54,0.262,0.359,2.3,7,4.6,40.8,1.6,0.1,11.8,29.7,7.2,0.7,7.8,0.147,7,-3.4,3.7,3.7,http://www.basketball-reference.com/players/m/marbust01.html
2000-01,Steve Francis,PG,francst01,23,80,3194,21.6,0.563,0.276,0.359,7.1,12.8,10,28.4,2.3,0.7,15.8,24.2,9.2,3,12.2,0.184,5.8,0.8,6.6,7,http://www.basketball-reference.com/players/f/francst01.html
2000-01,Steve Goodrich,PF,goodrst01,24,12,133,4.1,0.451,0.167,0.389,6,13,9.4,7.1,0.8,0.6,27.5,10.2,-0.1,0,-0.1,-0.038,-6,-1.6,-7.5,-0.2,http://www.basketball-reference.com/players/g/goodrst01.html
2000-01,Steve Kerr,PG,kerrst01,35,55,650,10.6,0.546,0.484,0.094,1.1,4.8,3,14.1,1.3,0.1,11.3,13.5,0.8,0.6,1.5,0.108,0,-1.5,-1.5,0.1,http://www.basketball-reference.com/players/k/kerrst01.html
2000-01,Steve Nash,PG,nashst01,26,70,2387,19.6,0.603,0.277,0.326,2.2,8.1,5.2,34.6,1.6,0.1,18.5,21.1,6.8,1.6,8.4,0.169,4.1,-1.9,2.2,2.5,http://www.basketball-reference.com/players/n/nashst01.html
2000-01,Steve Smith,SG,smithst01,31,81,2542,15.9,0.587,0.292,0.44,4.2,8.4,6.4,13.6,1,0.7,12.7,19.7,6.6,1.6,8.2,0.155,2.5,-1.5,1.1,2,http://www.basketball-reference.com/players/s/smithst01.html
2000-01,Stromile Swift,PF,swiftst01,21,80,1312,13.1,0.487,0.012,0.416,9.6,15.1,12.4,3.5,2.5,4.3,13.8,16.2,0.2,1.6,1.9,0.069,-3.4,1.9,-1.5,0.2,http://www.basketball-reference.com/players/s/swiftst01.html
2000-01,Tariq Abdul-Wahad,SG,abdulta01,26,29,420,5.8,0.438,0.09,0.324,3.6,11.8,7.6,8.1,1.7,2.1,21.1,17.1,-0.7,0.3,-0.4,-0.049,-5.9,0,-5.9,-0.4,http://www.basketball-reference.com/players/a/abdulta01.html
2000-01,Terrance Roberson,SF,roberte01,24,3,13,-15,0,0.5,0,0,8.7,4.4,10.9,0,0,50,14.2,-0.1,0,-0.1,-0.334,-16.1,-1.5,-17.7,-0.1,http://www.basketball-reference.com/players/r/roberte01.html
2000-01,Terrell Brandon,PG,brandte01,30,78,2821,20,0.507,0.08,0.198,2.4,9.7,6,33.7,3,0.5,11.2,22.2,5.8,2.7,8.5,0.145,2.8,-0.3,2.5,3.2,http://www.basketball-reference.com/players/b/brandte01.html
2000-01,Terry Davis,PF,daviste01,33,19,228,6.7,0.476,0,0.88,11.3,14,12.6,4.4,0.2,0.3,12.6,7.8,0.2,0,0.2,0.051,-2.9,-1.3,-4.1,-0.1,http://www.basketball-reference.com/players/d/daviste01.html
2000-01,Terry Mills,PF,millste01,33,14,113,1.1,0.368,0.5,0,4.1,16.5,10.5,7.2,1.4,0.6,22.7,18.2,-0.4,0.1,-0.2,-0.096,-7,-1.2,-8.2,-0.2,http://www.basketball-reference.com/players/m/millste01.html
2000-01,Terry Porter,PG,portete01,37,80,1678,15.5,0.583,0.466,0.264,1.7,11.4,6.8,24.5,1.7,0.5,17.5,16.7,3,2.3,5.4,0.154,2,0.2,2.2,1.8,http://www.basketball-reference.com/players/p/portete01.html
2000-01,Theo Ratliff,C,ratlith01,27,50,1800,16.3,0.562,0,0.475,8,17.7,13,5.3,0.9,7.6,18.6,17,1.7,3.5,5.2,0.138,-1.6,4.9,3.3,2.4,http://www.basketball-reference.com/players/r/ratlith01.html
2000-01,Tim Duncan,PF,duncati01,24,82,3174,23.8,0.536,0.019,0.471,9.7,25.1,17.8,15.3,1.2,4.2,12.5,28.7,6.2,7.1,13.2,0.2,1.8,3.6,5.4,5.9,http://www.basketball-reference.com/players/d/duncati01.html
2000-01,Tim Hardaway,PG,hardati01,34,77,2613,16.7,0.513,0.496,0.174,1.2,8.1,4.6,35.5,1.9,0.2,14.4,24.3,3.1,3.3,6.4,0.118,3.2,-1.5,1.7,2.4,http://www.basketball-reference.com/players/h/hardati01.html
2000-01,Tim James,SF,jamesti01,24,30,197,5.8,0.387,0.058,0.269,8.7,11.5,10.1,6.5,0.5,1.9,12.1,15.5,-0.1,0.2,0.1,0.022,-5.8,-1,-6.8,-0.2,http://www.basketball-reference.com/players/j/jamesti01.html
2000-01,Tim Thomas,PF,thomati01,23,76,2086,16.4,0.549,0.343,0.334,4.3,12.6,8.5,10.5,1.9,1.6,11.6,21.3,3.7,1.7,5.5,0.126,1.5,-0.8,0.7,1.4,http://www.basketball-reference.com/players/t/thomati01.html
2000-01,Todd Day,SG,dayto01,31,31,345,10.1,0.515,0.585,0.195,3.3,9,6.1,12.2,1.5,1.4,15.8,19.9,0.1,0.2,0.3,0.048,-0.4,-2.3,-2.7,-0.1,http://www.basketball-reference.com/players/d/dayto01.html
2000-01,Todd Fuller,C,fulleto02,26,10,77,9.3,0.363,0,0.229,10.8,17,13.9,2.4,2.1,2,7.2,26.1,-0.1,0.1,0,-0.002,-8.1,-2.2,-10.3,-0.2,http://www.basketball-reference.com/players/f/fulleto02.html
2000-01,Todd MacCulloch,C,maccuto01,25,63,597,18.3,0.607,0,0.357,13.3,18.4,15.9,3.1,0.6,2.3,11.2,18.3,1.6,0.9,2.5,0.199,0.2,-1.3,-1.2,0.1,http://www.basketball-reference.com/players/m/maccuto01.html
2000-01,Tom Gugliotta,PF,guglito01,31,57,1159,11.1,0.437,0.032,0.203,7.3,17.8,12.5,7.7,2.1,1.3,11,17.9,-0.3,2,1.8,0.073,-3.8,1.5,-2.3,-0.1,http://www.basketball-reference.com/players/g/guglito01.html
2000-01,Tom Hammonds,PF,hammoto01,33,7,30,-4.9,0.322,0,0.2,7.5,7.7,7.6,4.8,0,0,21.6,20.9,-0.1,0,-0.1,-0.187,-10.2,-4.3,-14.5,-0.1,http://www.basketball-reference.com/players/h/hammoto01.html
2000-01,Toni Kukoc,SF,kukocto01,32,43.33333333,1064.666667,18.3,0.555333333,0.273,0.276,4.533333333,13.56666667,9.066666667,23.9,1.533333333,0.5,14.56666667,21.83333333,1.933333333,1.133333333,3.133333333,0.143666667,2.966666667,-0.3,2.7,1.2,http://www.basketball-reference.com/players/k/kukocto01.html
2000-01,Tony Battie,C,battito01,24,40,845,15.2,0.562,0.015,0.343,9.7,23.1,16.1,3.3,1.7,5.4,13.8,14.4,1,1.3,2.3,0.131,-2.9,1.8,-1.2,0.2,http://www.basketball-reference.com/players/b/battito01.html
2000-01,Tony Delk,SG,delkto01,27,82,2288,13.4,0.49,0.182,0.255,3.7,9.3,6.5,12.1,1.7,0.5,9,22,1.7,2.9,4.6,0.096,-0.7,-0.4,-1.1,0.5,http://www.basketball-reference.com/players/d/delkto01.html
2000-01,Tony Massenburg,PF,masseto01,33,52,823,9.6,0.507,0,0.352,10.5,18.6,14.6,1.8,0.6,2.4,17.3,15.4,0.1,0.6,0.7,0.041,-4.8,-1.3,-6.1,-0.9,http://www.basketball-reference.com/players/m/masseto01.html
2000-01,Tony Smith,SG,smithto02,32,6,78,3.8,0.356,0.087,0.087,2.8,1.4,2.1,20.5,4.7,0,27.4,18.8,-0.3,0.1,-0.2,-0.11,-6.7,-0.7,-7.4,-0.1,http://www.basketball-reference.com/players/s/smithto02.html
2000-01,Tracy McGrady,SG,mcgratr01,21,77,3087,24.9,0.521,0.096,0.34,6.7,14.3,10.4,22.8,1.9,2.8,9.1,31.2,8.3,3.9,12.2,0.189,4.7,0.9,5.6,5.9,http://www.basketball-reference.com/players/m/mcgratr01.html
2000-01,Tracy Murray,SF,murratr01,29,34,392,11.03333333,0.467666667,0.416,0.172333333,3.9,12.2,7.966666667,7.433333333,1.166666667,0.733333333,8.966666667,22.06666667,0.133333333,0.2,0.4,0.035,-1.466666667,-3.3,-4.766666667,-0.266666667,http://www.basketball-reference.com/players/m/murratr01.html
2000-01,Trajan Langdon,SG,langdtr01,24,65,1116,11.8,0.561,0.396,0.243,1.2,8,4.6,11.9,1.8,0.6,13.1,16.1,1.5,0.5,2,0.086,0.3,-1.7,-1.5,0.2,http://www.basketball-reference.com/players/l/langdtr01.html
2000-01,Travis Best,PG,besttr01,28,77,2457,16.7,0.517,0.123,0.287,1.8,8.2,5.1,34,2.4,0.3,12.5,19.3,4.8,2.3,7.2,0.14,1.6,-1,0.6,1.6,http://www.basketball-reference.com/players/b/besttr01.html
2000-01,Travis Knight,C,knightr01,26,45,256,0.9,0.238,0.019,0.34,9.3,15.6,12.5,3,1.1,3.5,14.1,13.5,-0.7,0.5,-0.3,-0.049,-8.6,1.8,-6.8,-0.3,http://www.basketball-reference.com/players/k/knightr01.html
2000-01,Troy Hudson,PG,hudsotr01,24,75,1008,10.2,0.427,0.293,0.28,4.1,7.6,5.8,25.5,1.9,0.2,18,22.4,-0.7,0.8,0.1,0.003,-2.5,-2.4,-5,-0.8,http://www.basketball-reference.com/players/h/hudsotr01.html
2000-01,Tyrone Corbin,SF,corbity01,38,15,117,-2.2,0.252,0.132,0.105,2.8,9.9,6.3,5,0.9,0,7,16.3,-0.4,0.1,-0.3,-0.126,-8.4,-2.6,-11,-0.3,http://www.basketball-reference.com/players/c/corbity01.html
2000-01,Tyrone Hill,PF,hillty01,32,76,2363,12.4,0.515,0.002,0.465,11.7,21,16.4,3.3,0.8,0.8,15.2,16,2,3.5,5.5,0.111,-1.8,0.1,-1.7,0.2,http://www.basketball-reference.com/players/h/hillty01.html
2000-01,Tyrone Nesby,SF,nesbyty01,25,48,1223,9,0.455,0.329,0.204,3.3,9.4,6.3,8.9,1.7,0.9,11,18.2,-0.1,0.3,0.2,0.009,-1.4,-1.6,-3,-0.3,http://www.basketball-reference.com/players/n/nesbyty01.html
2000-01,Tyrone Nesby,SF-SG,nesbyty01,25,62,1556,8.9,0.444,0.34,0.2,3.8,9.2,6.5,8.2,1.7,0.9,10.1,18.5,-0.2,0.5,0.3,0.008,-1.5,-1.7,-3.2,-0.5,http://www.basketball-reference.com/players/n/nesbyty01.html
2000-01,Tyrone Nesby,SG,nesbyty01,25,14,333,8.5,0.406,0.374,0.187,5.7,8.7,7.2,5.5,1.6,0.8,7,19.9,-0.2,0.2,0,0.004,-1.9,-1.9,-3.8,-0.2,http://www.basketball-reference.com/players/n/nesbyty01.html
2000-01,Tyronn Lue,PG,luety01,23,38,468,8.7,0.51,0.291,0.205,1.2,6.4,3.9,14.3,2.1,0,17.5,14.8,0.2,0.2,0.4,0.042,-2.1,-2.3,-4.4,-0.3,http://www.basketball-reference.com/players/l/luety01.html
2000-01,Tyus Edney,PG,edneyty01,27,24,263,16.6,0.49,0.066,0.429,2.2,7.9,5.2,35.7,3.5,0,18.8,23.6,0.2,0.3,0.5,0.088,-1.3,-1.5,-2.7,0,http://www.basketball-reference.com/players/e/edneyty01.html
2000-01,Vernon Maxwell,PG,maxweve01,35,28.66666667,440,6.566666667,0.422,0.496666667,0.140333333,0.666666667,10.33333333,5.633333333,11.53333333,1.666666667,0.366666667,12.96666667,18.7,-0.433333333,0.433333333,0.033333333,-0.001,-2.9,-1.3,-4.2,-0.233333333,http://www.basketball-reference.com/players/m/maxweve01.html
2000-01,Vin Baker,PF,bakervi01,29,76,2129,13,0.481,0.019,0.391,9.7,13.5,11.6,7,0.9,2.5,14.1,23.8,0.6,1.2,1.8,0.04,-2.4,-1.3,-3.7,-0.9,http://www.basketball-reference.com/players/b/bakervi01.html
2000-01,Vince Carter,SF,cartevi01,24,75,2979,25,0.551,0.24,0.303,6.5,9.3,7.9,19.2,2,1.9,8.2,30.7,10.3,2.6,12.9,0.208,7.7,-0.6,7,6.8,http://www.basketball-reference.com/players/c/cartevi01.html
2000-01,Vinny Del Negro,PG,delnevi01,34,43.33333333,614.6666667,10.96666667,0.488,0.061333333,0.186666667,1.366666667,8.7,4.866666667,21.83333333,1.433333333,0.2,12,13.46666667,0.666666667,0.4,1.1,0.077666667,-2.733333333,-1.8,-4.533333333,-0.333333333,http://www.basketball-reference.com/players/d/delnevi01.html
2000-01,Vitaly Potapenko,C,potapvi01,25,82,1901,12.8,0.517,0,0.303,12.1,18.5,15.2,5.9,1.4,0.9,15.1,16.6,1.8,1.7,3.4,0.087,-2.2,-0.7,-3,-0.5,http://www.basketball-reference.com/players/p/potapvi01.html
2000-01,Vlade Divac,C,divacvl01,32,81,2420,17.7,0.536,0.019,0.464,9.5,20.2,15,15.2,1.8,2.6,17.4,20.1,3.1,4.3,7.4,0.147,-0.1,2.9,2.8,2.9,http://www.basketball-reference.com/players/d/divacvl01.html
2000-01,Vladimir Stepania,C,stepavl01,24,29,280,12.2,0.398,0.045,0.386,14,31.2,22.4,9.4,1.9,2.9,15.6,19.8,-0.2,0.4,0.2,0.035,-5.1,0.8,-4.3,-0.2,http://www.basketball-reference.com/players/s/stepavl01.html
2000-01,Vonteego Cummings,PG,cummivo01,24,66,1495,10.4,0.425,0.277,0.224,3.1,7,4.9,24.4,2.3,0.7,13.8,18.6,-0.2,0.4,0.2,0.007,-1.6,-2.1,-3.7,-0.6,http://www.basketball-reference.com/players/c/cummivo01.html
2000-01,Voshon Lenard,SG,lenarvo01,27,80,2331,13.2,0.522,0.452,0.227,2.2,8.7,5.4,13.4,1.4,0.5,9.9,19.7,2.9,0.6,3.5,0.072,1.4,-2,-0.7,0.8,http://www.basketball-reference.com/players/l/lenarvo01.html
2000-01,Wally Szczerbiak,SF,szczewa02,23,82,2856,15.8,0.566,0.084,0.226,5.3,12.7,8.9,14.5,1.1,0.8,12,18.2,5.7,1.7,7.4,0.125,1.6,-0.4,1.2,2.3,http://www.basketball-reference.com/players/s/szczewa02.html
2000-01,Walt Williams,SF,williwa02,30,72,1583,12.6,0.527,0.483,0.246,2.3,15.3,9,10,1,1.2,11.4,18.7,1.8,1.2,3,0.09,0.2,-1.2,-0.9,0.4,http://www.basketball-reference.com/players/w/williwa02.html
2000-01,Walter McCarty,PF,mccarwa01,26,60,478,9.2,0.474,0.444,0.222,5.6,14.5,9.9,13.5,1.5,1.1,12.6,15,0.3,0.4,0.7,0.067,-2.1,-1.2,-3.2,-0.1,http://www.basketball-reference.com/players/m/mccarwa01.html
2000-01,Wang Zhizhi,C,zhizhwa01,23,5,38,14.9,0.513,0.105,0.526,3,17.2,10.3,0,0,0,4.1,29.2,0.1,0,0.1,0.122,-4.5,-9.3,-13.8,-0.1,http://www.basketball-reference.com/players/z/zhizhwa01.html
2000-01,Wesley Person,SG,persowe01,29,44,958,11.6,0.514,0.288,0.103,1.3,14.4,7.9,11.2,1.5,0.8,11.6,16.3,0.6,0.6,1.2,0.061,-1,-0.8,-1.8,0.1,http://www.basketball-reference.com/players/p/persowe01.html
2000-01,Will Perdue,C,perduwi01,35,13,58,18.5,0.651,0,0.444,12.8,23.9,18.5,5.3,2.8,2.6,0,8.6,0.2,0.1,0.3,0.245,1.3,2.1,3.3,0.1,http://www.basketball-reference.com/players/p/perduwi01.html
2000-01,William Avery,PG,averywi01,21,55,463,9,0.482,0.41,0.25,1.2,6,3.6,24,1.5,0.6,22,20,-0.2,0.2,0,-0.003,-3,-3.7,-6.7,-0.5,http://www.basketball-reference.com/players/a/averywi01.html
2000-01,Zan Tabak,C,tabakza01,30,55,777,10.5,0.523,0,0.253,9.8,20.9,15.5,7.3,0.7,2.8,21.6,15.8,-0.1,1,0.9,0.056,-4,0.8,-3.2,-0.2,http://www.basketball-reference.com/players/t/tabakza01.html
2000-01,Zendon Hamilton,C,hamilze01,25,3,19,5.7,0.359,0,0.889,18.6,29.3,24.1,0,0,0,13.8,35.3,-0.1,0,0,-0.119,-12.8,-11.8,-24.6,-0.1,http://www.basketball-reference.com/players/h/hamilze01.html
2000-01,Zydrunas Ilgauskas,C,ilgauzy01,25,24,616,16,0.524,0.009,0.333,12.3,17.8,15,5.4,1.3,4.4,18.3,24.1,0.1,0.7,0.7,0.056,-2.1,0,-2.1,0,http://www.basketball-reference.com/players/i/ilgauzy01.html